ens_name,registration_date,registration_cost_ether,expiry_date,registration_hour,st_registration_cost_ether
niaerfulad.eth,2023-03-11 23:17:23,0.003393923428173793,2024-03-11 05:06:35,23,-0.2658630105634034
hbc.eth,2023-03-11 23:16:47,0.2606533165301937,2023-10-17 02:46:18,23,3.8620056141733454
üòÇüòÇüòÇüòÇüòÇüòÇüòÇüòÇüòÇ.eth,2023-03-11 23:14:35,0.006787846856347587,2025-03-11 10:52:59,23,-0.21140564026104144
h1merahumera.eth,2023-03-11 23:12:47,0.003393923428173793,2024-03-11 05:01:59,23,-0.2658630105634034
itstriplej.eth,2023-03-11 23:11:23,0.003393923428173793,2024-03-11 05:00:35,23,-0.2658630105634034
faykou.eth,2023-03-11 23:11:11,0.01018177028452138,2026-03-11 16:38:47,23,-0.15694826995867953
czxxx.eth,2023-03-11 23:01:59,0.003393923428173793,2024-03-11 04:51:11,23,-0.2658630105634034
cincoro.eth,2023-03-11 23:01:47,0.003393923428173793,2024-03-11 04:50:59,23,-0.2658630105634034
hsbccryptocurrency.eth,2023-03-11 22:57:47,0.01018177028452138,2026-03-11 16:25:23,22,-0.15694826995867953
jonasbrats.eth,2023-03-11 22:57:11,0.01696961714086897,2028-03-11 04:03:11,22,-0.04803352935395566
ironworkers.eth,2023-03-11 22:55:47,0.10817700222964895,2024-03-11 04:44:59,22,1.415439188639101
jub.eth,2023-03-11 22:52:47,0.43544464599209276,2024-03-11 04:41:59,22,6.6666287459540765
aisurveyor.eth,2023-03-11 22:50:35,0.006803822593634159,2025-03-11 10:28:59,22,-0.2111493007590815
apeelingcharity.eth,2023-03-11 22:45:35,0.006803822593634159,2025-03-11 10:23:59,22,-0.2111493007590815
üï¥üèªüï¥üèª.eth,2023-03-11 22:45:11,0.013607645187252227,2023-04-26 14:28:50,22,-0.10197822065265598
üë∏üèøüë∏üèø.eth,2023-03-11 22:45:11,0.013607645187252227,2023-04-26 14:28:50,22,-0.10197822065265598
ü§¥üèøü§¥üèø.eth,2023-03-11 22:45:11,0.013607645187252227,2023-04-26 14:28:50,22,-0.10197822065265598
üññüèºüññüèº.eth,2023-03-11 22:45:11,0.013607645187252227,2023-04-26 14:28:50,22,-0.10197822065265598
ü¶πüèΩü¶πüèΩ.eth,2023-03-11 22:45:11,0.013607645187252227,2023-04-26 14:28:50,22,-0.10197822065265598
üí™üèªüí™üèª.eth,2023-03-11 22:45:11,0.013607645187252227,2023-04-26 14:28:50,22,-0.10197822065265598
bofacryptocurrency.eth,2023-03-11 22:45:11,0.01020573389045124,2026-03-11 16:12:47,22,-0.15656376070573963
üë∑üèºüë∑üèº.eth,2023-03-11 22:45:11,0.013607645187252227,2023-04-26 14:28:50,22,-0.10197822065265598
ü¶πüèªü¶πüèª.eth,2023-03-11 22:45:11,0.013607645187252227,2023-04-26 14:28:50,22,-0.10197822065265598
üßôüèºüßôüèº.eth,2023-03-11 22:45:11,0.013607645187252227,2023-04-26 14:28:50,22,-0.10197822065265598
üèãüèºüèãüèº.eth,2023-03-11 22:45:11,0.013607645187252227,2023-04-26 14:28:50,22,-0.10197822065265598
ü¶πüèæü¶πüèæ.eth,2023-03-11 22:45:11,0.013607645187252227,2023-04-26 14:28:50,22,-0.10197822065265598
üë®üèºüë®üèº.eth,2023-03-11 22:45:11,0.013607645187252227,2023-04-26 14:28:50,22,-0.10197822065265598
üèãüèªüèãüèª.eth,2023-03-11 22:45:11,0.013607645187252227,2023-04-26 14:28:50,22,-0.10197822065265598
-579.eth,2023-03-11 22:45:11,0.013607645187252227,2023-04-26 14:28:50,22,-0.10197822065265598
ü¶πüèºü¶πüèº.eth,2023-03-11 22:45:11,0.013607645187252227,2023-04-26 14:28:50,22,-0.10197822065265598
ü§üüèøü§üüèø.eth,2023-03-11 22:45:11,0.013607645187252227,2023-04-26 14:28:50,22,-0.10197822065265598
ü§ûüèªü§ûüèª.eth,2023-03-11 22:45:11,0.013607645187252227,2023-04-26 14:28:50,22,-0.10197822065265598
bookgames.eth,2023-03-11 22:43:59,0.02738615804103293,2024-03-11 04:33:11,22,0.11910560535986367
golfsociety.eth,2023-03-11 22:43:23,0.01020573389045124,2026-03-11 16:10:59,22,-0.15656376070573963
ozempicbear.eth,2023-03-11 22:41:35,0.001700955648408539,2023-09-10 13:36:11,22,-0.29302761083909434
emilycooke.eth,2023-03-11 22:40:47,0.01020573389045124,2026-03-11 16:08:23,22,-0.15656376070573963
pudgyproducts.eth,2023-03-11 22:40:23,0.0340191129681708,2033-03-11 08:52:23,22,0.22553501966765344
camdencooke.eth,2023-03-11 22:39:59,0.01020573389045124,2026-03-11 16:07:35,22,-0.15656376070573963
cryptohacks.eth,2023-03-11 22:39:59,0.01020573389045124,2026-03-11 16:07:35,22,-0.15656376070573963
fagforbundet.eth,2023-03-11 22:39:35,0.01020573389045124,2026-03-11 16:07:11,22,-0.15656376070573963
memesocialclub.eth,2023-03-11 22:38:23,0.003401911296817079,2024-03-11 04:27:35,22,-0.26573484081242343
thesilent500.eth,2023-03-11 22:36:35,0.003401911296817079,2024-03-11 04:25:47,22,-0.26573484081242343
ewa.eth,2023-03-11 22:36:11,0.043544461839470965,2023-04-17 11:11:06,22,0.378374487534698
ngan.eth,2023-03-11 22:33:11,0.04747767494928369,2023-06-11 06:00:29,22,0.44148505774412344
cosimodemedici.eth,2023-03-11 22:32:35,0.003401911296817079,2024-03-11 04:21:47,22,-0.26573484081242343
srvbook.eth,2023-03-11 22:30:35,0.0340191129681708,2033-03-11 08:42:35,22,0.22553501966765344
bofacrypto.eth,2023-03-11 22:29:47,0.01020573389045124,2026-03-11 15:57:23,22,-0.15656376070573963
haloarfs.eth,2023-03-11 22:28:47,0.003401911296817079,2024-03-11 04:17:59,22,-0.26573484081242343
chromatone.eth,2023-03-11 22:28:23,0.01020573389045124,2026-03-11 15:55:59,22,-0.15656376070573963
seanouns.eth,2023-03-11 22:24:11,0.01020573389045124,2026-03-11 15:51:47,22,-0.15656376070573963
awan.eth,2023-03-11 22:19:23,0.021772230919734414,2023-06-29 12:04:08,22,0.02902705333444923
schlock.eth,2023-03-11 22:19:11,0.00582696867088354,2024-03-11 04:08:23,22,-0.22682345986383468
5‚É£6‚É£8‚É£4‚É£.eth,2023-03-11 22:14:59,0.000259448187291489,2023-04-08 22:14:59,22,-0.3161573918329774
4‚É£8‚É£1‚É£3‚É£.eth,2023-03-11 22:14:59,0.000259448187291489,2023-04-08 22:14:59,22,-0.3161573918329774
bedsheet.eth,2023-03-11 22:12:59,0.034143473323411624,2024-03-11 04:02:11,22,0.22753045004774514
boredcfo.eth,2023-03-11 22:11:47,0.003384339448100419,2024-03-11 04:00:59,22,-0.26601679080119356
northstardhruv.eth,2023-03-11 22:10:47,0.013537357792401679,2027-03-11 21:27:35,22,-0.10310602060747825
musicartist.eth,2023-03-11 22:10:23,0.003384339448100419,2024-03-11 03:59:35,22,-0.26601679080119356
qidaorisk.eth,2023-03-11 22:08:47,0.003384339448100419,2024-03-11 03:57:59,22,-0.26601679080119356
canonrock.eth,2023-03-11 22:06:11,0.003384339448100419,2024-03-11 03:55:23,22,-0.26601679080119356
ekx.eth,2023-03-11 21:53:59,0.43427490708580824,2024-03-11 03:43:11,21,6.6478596410745086
darkmother.eth,2023-03-11 21:51:23,0.003392772711611722,2024-03-11 03:40:35,21,-0.26588147444429516
nedaazimi.eth,2023-03-11 21:51:11,0.003392772711611722,2024-03-11 03:40:23,21,-0.26588147444429516
meiai.eth,2023-03-11 21:43:35,0.003373181496725849,2024-03-11 03:32:47,21,-0.2661958262752342
unstablerelease.eth,2023-03-11 21:30:11,0.003414421071971752,2024-03-11 03:19:23,21,-0.26553411458143594
icky.eth,2023-03-11 21:29:11,0.020759677070688407,2023-05-20 06:59:31,21,0.012780069253771079
growwithjo.eth,2023-03-11 21:27:11,0.006828842143943504,2025-03-11 09:05:35,21,-0.21074784829710663
svbdao.eth,2023-03-11 21:25:47,0.003414421071971752,2024-03-11 03:14:59,21,-0.26553411458143594
terraformnavigator.eth,2023-03-11 21:20:23,0.01707210535985876,2028-03-11 02:26:23,21,-0.04638904944411873
gainsbybrains.eth,2023-03-11 21:18:35,0.006828842143943504,2025-03-11 08:56:59,21,-0.21074784829710663
yamanotejourneyer.eth,2023-03-11 21:15:47,0.006828842143943504,2025-03-11 08:54:11,21,-0.21074784829710663
wwebets.eth,2023-03-11 21:14:35,0.003414421071971752,2024-03-11 03:03:47,21,-0.26553411458143594
laurenkagan.eth,2023-03-11 21:11:11,0.006828842143943504,2025-03-11 08:49:35,21,-0.21074784829710663
tryanal.eth,2023-03-11 21:07:47,0.003414421071971752,2024-03-11 02:56:59,21,-0.26553411458143594
boreddevs.eth,2023-03-11 21:05:59,0.003414421071971752,2024-03-11 02:55:11,21,-0.26553411458143594
new-murraba.eth,2023-03-11 21:05:23,0.003414421071971752,2024-03-11 02:54:35,21,-0.26553411458143594
boredd3vdude.eth,2023-03-11 21:04:59,0.003414421071971752,2024-03-11 02:54:11,21,-0.26553411458143594
boredpromo.eth,2023-03-11 21:04:47,0.003414421071971752,2024-03-11 02:53:59,21,-0.26553411458143594
boredpromos.eth,2023-03-11 21:04:35,0.003414421071971752,2024-03-11 02:53:47,21,-0.26553411458143594
boredblockchainanalyst.eth,2023-03-11 21:02:47,0.003414421071971752,2024-03-11 02:51:59,21,-0.26553411458143594
boreddevelopers.eth,2023-03-11 21:01:11,0.003414421071971752,2024-03-11 02:50:23,21,-0.26553411458143594
poopdeck.eth,2023-03-11 21:00:23,0.003414421071971752,2024-03-11 02:49:35,21,-0.26553411458143594
pudgycorn.eth,2023-03-11 21:00:11,0.003414421071971752,2024-03-11 02:49:23,21,-0.26553411458143594
kayakrentals.eth,2023-03-11 20:57:11,0.006828842143943504,2025-03-11 08:35:35,20,-0.21074784829710663
cyberspacebank.eth,2023-03-11 20:56:59,0.003414421071971752,2024-03-11 02:46:11,20,-0.26553411458143594
pmisirov.eth,2023-03-11 20:55:59,0.03414421071971752,2033-03-11 07:07:59,20,0.2275422819775278
‚úåüèæ‚úåüèæ.eth,2023-03-11 20:55:23,0.013653863982665349,2023-04-26 12:39:02,20,-0.10123661462941821
‚úäüèª‚úäüèª.eth,2023-03-11 20:55:23,0.013653863982665349,2023-04-26 12:39:02,20,-0.10123661462941821
üôèüèøüôèüèø.eth,2023-03-11 20:55:23,0.013653863982665349,2023-04-26 12:39:02,20,-0.10123661462941821
‚úäüèº‚úäüèº.eth,2023-03-11 20:55:23,0.013653863982665349,2023-04-26 12:39:02,20,-0.10123661462941821
ü§òüèºü§òüèº.eth,2023-03-11 20:55:23,0.013653863982665349,2023-04-26 12:39:02,20,-0.10123661462941821
üëçüèºüëçüèº.eth,2023-03-11 20:55:23,0.013653863982665349,2023-04-26 12:39:02,20,-0.10123661462941821
‚úåüèº‚úåüèº.eth,2023-03-11 20:55:23,0.013653863982665349,2023-04-26 12:39:02,20,-0.10123661462941821
boredbusinessstarts.eth,2023-03-11 20:54:59,0.003413465995670373,2024-03-11 02:44:11,20,-0.26554943930661373
0xloveydovey.eth,2023-03-11 20:52:59,0.003413465995670373,2024-03-11 02:42:11,20,-0.26554943930661373
boredengineer.eth,2023-03-11 20:51:47,0.003413465995670373,2024-03-11 02:40:59,20,-0.26554943930661373
boredd3vguy.eth,2023-03-11 20:50:23,0.003413465995670373,2024-03-11 02:39:35,20,-0.26554943930661373
boredartguy.eth,2023-03-11 20:48:47,0.003413465995670373,2024-03-11 02:37:59,20,-0.26554943930661373
saudi-esports.eth,2023-03-11 20:48:23,0.006826931991340747,2025-03-11 08:26:47,20,-0.2107784977474622
boredartlady.eth,2023-03-11 20:47:23,0.003413465995670373,2024-03-11 02:36:35,20,-0.26554943930661373
b0r3ddev.eth,2023-03-11 20:47:23,0.003413465995670373,2024-03-11 02:36:35,20,-0.26554943930661373
b0reddev.eth,2023-03-11 20:47:11,0.003413465995670373,2024-03-11 02:36:23,20,-0.26554943930661373
puricelli.eth,2023-03-11 20:46:11,0.01024039798701112,2026-03-11 14:13:47,20,-0.1560075561883107
boredartgal.eth,2023-03-11 20:45:23,0.003413465995670373,2024-03-11 02:34:35,20,-0.26554943930661373
evacatmy.eth,2023-03-11 20:37:35,0.01024039798701112,2026-03-11 14:05:11,20,-0.1560075561883107
üåëüåëüåëüåë.eth,2023-03-11 20:37:23,0.010923090493854317,2023-04-17 09:12:18,20,-0.14505337898466875
metamario.eth,2023-03-11 20:35:23,0.006826931991340747,2025-03-11 08:13:47,20,-0.2107784977474622
boredprofiles.eth,2023-03-11 20:26:47,0.003413465995670373,2024-03-11 02:15:59,20,-0.26554943930661373
killabearsordinals.eth,2023-03-11 20:24:23,0.013653863982681494,2027-03-11 19:41:11,20,-0.10123661462915916
viktorkuzminwh7886.eth,2023-03-11 20:22:23,0.003413465995670373,2024-03-11 02:11:35,20,-0.26554943930661373
fieni.eth,2023-03-11 20:20:11,0.01024039798701112,2026-03-11 13:47:47,20,-0.1560075561883107
veronelli.eth,2023-03-11 20:12:23,0.01024039798701112,2026-03-11 13:39:59,20,-0.1560075561883107
demix.eth,2023-03-11 20:11:11,0.01024039798701112,2026-03-11 13:38:47,20,-0.1560075561883107
morgangibbs-white.eth,2023-03-11 20:09:23,0.01024039798701112,2026-03-11 13:36:59,20,-0.1560075561883107
plectro.eth,2023-03-11 20:08:47,0.013653863982681494,2027-03-11 19:25:35,20,-0.10123661462915916
reglatronicsa.eth,2023-03-11 20:08:35,0.01024039798701112,2026-03-11 13:36:11,20,-0.1560075561883107
reglatronic.eth,2023-03-11 20:06:59,0.017067329978351867,2028-03-11 01:12:59,20,-0.04646567307000763
moonmachines.eth,2023-03-11 20:02:47,0.003413465995670373,2024-03-11 01:51:59,20,-0.26554943930661373
globaldigitalrightscharter.eth,2023-03-11 20:00:11,0.3413465995670374,2123-03-12 02:00:11,20,5.1567737750493885
isrealites.eth,2023-03-11 19:59:47,0.006826931991340747,2025-03-11 07:38:11,19,-0.2107784977474622
aomg.eth,2023-03-11 19:59:11,0.24013142721156258,2025-03-11 07:37:35,19,3.5327205994757325
gdrc.eth,2023-03-11 19:57:47,0.5461545593066139,2028-03-11 01:03:47,19,8.443030268588116
andrewoliver.eth,2023-03-11 19:57:35,0.003413465995670373,2024-03-11 01:46:47,19,-0.26554943930661373
streamsongs.eth,2023-03-11 19:53:47,0.003413048967591701,2024-03-11 01:42:59,19,-0.26555613075177664
denomie.eth,2023-03-11 19:47:47,0.006826097935183402,2025-03-11 07:26:11,19,-0.21079188063778803
primes.eth,2023-03-11 19:45:23,0.044605535336840765,2024-03-11 01:34:35,19,0.395399996090553
yamanotetraveller.eth,2023-03-11 19:38:59,0.003413048967591701,2024-03-11 01:28:11,19,-0.26555613075177664
matheo.eth,2023-03-11 19:38:11,0.044279387445686776,2026-03-11 13:05:47,19,0.39016677358044344
seizonszn.eth,2023-03-11 19:36:35,0.003413048967591701,2024-03-11 01:25:47,19,-0.26555613075177664
buddyboeheim.eth,2023-03-11 19:33:59,0.003413048967591701,2024-03-11 01:23:11,19,-0.26555613075177664
icepickeldorado.eth,2023-03-11 19:29:11,0.06826097935183402,2043-03-11 15:53:11,19,0.7749646214140069
nonfungiblevault.eth,2023-03-11 19:28:11,0.006826097935183402,2025-03-11 07:06:35,19,-0.21079188063778803
itsonconsulting.eth,2023-03-11 19:26:47,0.006826097935183402,2025-03-11 07:05:11,19,-0.21079188063778803
holgi1.eth,2023-03-11 19:21:23,0.003413048967591701,2024-03-11 01:10:35,19,-0.26555613075177664
trosser.eth,2023-03-11 19:20:35,0.003413048967591701,2024-03-11 01:09:47,19,-0.26555613075177664
cbneil.eth,2023-03-11 19:20:23,0.003413048967591701,2024-03-11 01:09:35,19,-0.26555613075177664
worldwida.eth,2023-03-11 19:18:47,0.003413048967591701,2024-03-11 01:07:59,19,-0.26555613075177664
üéÖüèøüéÖüèø.eth,2023-03-11 19:12:59,0.008372771172463631,2023-04-08 19:12:59,19,-0.18597465685479783
ü™Ñü™Ñü™Ñü™Ñ.eth,2023-03-11 19:09:35,0.008372771172463631,2023-04-08 19:09:35,19,-0.18597465685479783
üî±üî±üî±üî±.eth,2023-03-11 19:09:35,0.008372771172463631,2023-04-08 19:09:35,19,-0.18597465685479783
üåêüåêüåêüåê.eth,2023-03-11 19:09:35,0.008372771172463631,2023-04-08 19:09:35,19,-0.18597465685479783
ü¶æü¶æü¶æü¶æ.eth,2023-03-11 19:09:35,0.008372771172463631,2023-04-08 19:09:35,19,-0.18597465685479783
üö©üö©üö©üö©.eth,2023-03-11 19:09:35,0.008372771172463631,2023-04-08 19:09:35,19,-0.18597465685479783
etherpirate.eth,2023-03-11 19:08:35,0.003413048967591701,2024-03-11 00:57:47,19,-0.26555613075177664
allisonburgers.eth,2023-03-11 19:07:59,0.003413048967591701,2024-03-11 00:57:11,19,-0.26555613075177664
muhopro-muddy.eth,2023-03-11 19:04:35,0.003413048967591701,2024-03-11 00:53:47,19,-0.26555613075177664
acexp.eth,2023-03-11 19:02:47,0.010239146902775104,2026-03-11 12:30:23,19,-0.1560276305237994
lintangsutawika.eth,2023-03-11 19:02:35,0.003410782899500936,2024-03-10 19:02:35,19,-0.2655924910621256
hkwb3.eth,2023-03-11 18:59:35,0.003437395988804941,2024-03-11 18:59:35,18,-0.26516546938948354
ordinalapez.eth,2023-03-11 18:59:23,0.003430281706123193,2024-03-11 00:48:35,18,-0.2652796219726619
teslaboy.eth,2023-03-11 18:58:47,0.003413048967591701,2026-03-11 12:26:23,18,-0.26555613075177664
markoflux.eth,2023-03-11 18:55:23,0.017092518166896033,2028-03-11 00:01:23,18,-0.04606151471469276
gtwau.eth,2023-03-11 18:51:59,0.003418503633379206,2024-03-11 00:41:11,18,-0.26546860763555075
zoftig.eth,2023-03-11 18:48:23,0.01025551090013762,2026-03-11 12:15:59,18,-0.15576506117512176
notstablecoins.eth,2023-03-11 18:46:59,0.003439926104590447,2024-03-11 00:36:11,18,-0.265124872288472
rashadh.eth,2023-03-11 18:45:59,0.01031977831377134,2026-03-11 12:13:35,18,-0.15473385513388535
091371.eth,2023-03-11 18:42:35,0.003439926104590447,2024-03-11 00:31:47,18,-0.265124872288472
dreamtalelabs.eth,2023-03-11 18:41:59,0.003439926104590447,2024-03-11 00:31:11,18,-0.265124872288472
wildcardsolutions.eth,2023-03-11 18:38:59,0.017199630522952238,2028-03-10 23:44:59,18,-0.044342837979298694
volvotonvankuyk.eth,2023-03-11 18:37:23,0.003439926104590447,2024-03-11 00:26:35,18,-0.265124872288472
tonvankuyk.eth,2023-03-11 18:33:59,0.003439926104590447,2024-03-11 00:23:11,18,-0.265124872288472
streetfoodgod.eth,2023-03-11 18:29:35,0.003439926104590447,2024-03-11 00:18:47,18,-0.265124872288472
gamers8esports.eth,2023-03-11 18:24:23,0.006916158437728592,2025-03-11 06:02:47,18,-0.20934681028174904
gamers8gg.eth,2023-03-11 18:24:23,0.006916158437728592,2025-03-11 06:02:47,18,-0.20934681028174904
werkman.eth,2023-03-11 18:17:47,0.006916158437728592,2025-03-11 05:56:11,18,-0.20934681028174904
dudlycold.eth,2023-03-11 18:05:35,0.010374237656592887,2026-03-11 11:33:11,18,-0.1538600249897409
‚ù§espa√±ol.eth,2023-03-11 18:05:23,0.003458079218864296,2024-03-10 23:54:35,18,-0.2648335955737572
colecash.eth,2023-03-11 18:05:23,0.010374237656592887,2026-03-11 11:32:59,18,-0.1538600249897409
bvcrtjnh56.eth,2023-03-11 18:02:11,0.003458079218864296,2024-03-10 23:51:23,18,-0.2648335955737572
jax13.eth,2023-03-11 18:00:23,0.03458079218864296,2034-03-11 10:01:35,18,0.23454747205431592
p1louf.eth,2023-03-11 17:58:59,0.006916158437728592,2025-03-11 05:37:23,17,-0.20934681028174904
0xnishen.eth,2023-03-11 17:57:35,0.003458079218864296,2024-03-10 23:46:47,17,-0.2648335955737572
hispanohipica.eth,2023-03-11 17:53:11,0.006941201165089248,2025-03-11 05:31:35,17,-0.20894498593122318
jordansvault.eth,2023-03-11 17:52:35,0.010411801747633872,2026-03-11 11:20:11,17,-0.15325728846395217
fitzy.eth,2023-03-11 17:48:47,0.1917495037609202,2033-03-11 04:00:47,17,2.7564059957282137
marjoman.eth,2023-03-11 17:47:11,0.006941201165089248,2025-03-11 05:25:35,17,-0.20894498593122318
lourenzo.eth,2023-03-11 17:45:35,0.003470600582544624,2024-03-10 23:34:47,17,-0.2646326833984942
c0ffeebabe.eth,2023-03-11 17:40:59,0.034706005825446244,2033-03-11 03:52:59,17,0.2365565938069451
shwento.eth,2023-03-11 17:40:23,0.006941201165089248,2025-03-11 05:18:47,17,-0.20894498593122318
ferreteriaeuropa.eth,2023-03-11 17:38:47,0.006941201165089248,2025-03-11 05:17:11,17,-0.20894498593122318
mrrobotix.eth,2023-03-11 17:36:47,0.017353002912723122,2028-03-10 22:42:47,17,-0.041881893529410075
zachgalifianakis.eth,2023-03-11 17:35:11,0.003470600582544624,2024-03-10 23:24:23,17,-0.2646326833984942
whynotgold.eth,2023-03-11 17:33:59,0.003470600582544624,2024-03-10 23:23:11,17,-0.2646326833984942
lothrop.eth,2023-03-11 17:33:59,0.003470600582544624,2024-03-10 23:23:11,17,-0.2646326833984942
jonhamm.eth,2023-03-11 17:31:59,0.003470600582544624,2024-03-10 23:21:11,17,-0.2646326833984942
kerckhaert.eth,2023-03-11 17:20:47,0.006941201165089248,2025-03-11 04:59:11,17,-0.20894498593122318
winningpokernetwork.eth,2023-03-11 17:15:47,0.004164720655061967,2024-05-23 00:14:49,17,-0.25349514461090916
infinityedition.eth,2023-03-11 17:15:11,0.003470600582544624,2024-03-10 23:04:23,17,-0.2646326833984942
themedici.eth,2023-03-11 17:14:59,0.003470600582544624,2024-03-10 23:04:11,17,-0.2646326833984942
flightcaptain.eth,2023-03-11 17:14:35,0.005983372372160468,2024-03-10 23:03:47,17,-0.2243138763516101
yveltal.eth,2023-03-11 17:08:11,0.5038629194569582,2024-03-10 22:57:23,17,7.764437618892988
-002.eth,2023-03-11 17:05:11,0.07262892236281347,2023-04-10 17:05:11,17,0.845050672275948
bebecita.eth,2023-03-11 17:03:23,0.003470600582544624,2024-03-10 22:52:35,17,-0.2646326833984942
johnwicküêê.eth,2023-03-11 16:58:47,0.003470600582544624,2024-03-10 22:47:59,16,-0.2646326833984942
merenguesmile.eth,2023-03-11 16:52:23,0.010403272410823476,2026-03-11 10:19:59,16,-0.15339414636983817
furbelow.eth,2023-03-11 16:51:47,0.010403272410823476,2026-03-11 10:19:23,16,-0.15339414636983817
solidtrace.eth,2023-03-11 16:46:59,0.010403272410823476,2026-03-11 10:14:35,16,-0.15339414636983817
rotom.eth,2023-03-11 16:42:47,0.5148167737570303,2024-03-10 22:31:59,16,7.940198242985241
metavilla.eth,2023-03-11 16:41:35,0.003467757470274492,2024-03-10 22:30:47,16,-0.2646783027004562
momogi.eth,2023-03-11 16:39:11,0.01733878735137246,2028-03-10 21:45:11,16,-0.042109990039220106
ralts.eth,2023-03-11 16:38:59,0.5256030962952285,2024-03-10 22:28:11,16,8.113270727705215
ur√≠as.eth,2023-03-11 16:37:11,0.003467757470274492,2024-03-10 22:26:23,16,-0.2646783027004562
3000000000000003.eth,2023-03-11 16:37:11,0.003467757470274492,2024-03-10 22:26:23,16,-0.2646783027004562
svbcollapse.eth,2023-03-11 16:36:11,0.003467757470274492,2024-03-10 22:25:23,16,-0.2646783027004562
on99gag.eth,2023-03-11 16:35:11,0.006935514940548984,2025-03-11 04:13:35,16,-0.20903622453514722
canneye.eth,2023-03-11 16:34:23,0.006935514940548984,2025-03-11 04:12:47,16,-0.20903622453514722
sputcat.eth,2023-03-11 16:30:59,0.003467757470274492,2024-03-10 22:20:11,16,-0.2646783027004562
mc‚Äôs.eth,2023-03-11 16:30:35,0.00850698013884548,2023-04-08 16:30:35,16,-0.18382120008571384
dj‚Äôs.eth,2023-03-11 16:30:35,0.00850698013884548,2023-04-08 16:30:35,16,-0.18382120008571384
juliusmagic.eth,2023-03-11 16:29:11,0.010403272410823476,2026-03-11 09:56:47,16,-0.15339414636983817
kablan.eth,2023-03-11 16:27:47,0.03467757470274492,2033-03-11 02:39:47,16,0.23610040078732505
think-to-text.eth,2023-03-11 16:24:47,0.003465455078886464,2024-03-10 16:24:47,16,-0.2647152458381116
thought-to-text.eth,2023-03-11 16:24:35,0.003465455078886464,2024-03-10 16:24:35,16,-0.2647152458381116
thinktotext.eth,2023-03-11 16:24:35,0.003465455078886464,2024-03-10 16:24:35,16,-0.2647152458381116
registeel.eth,2023-03-11 16:24:23,0.5276503025080442,2024-03-10 22:13:35,16,8.146119278704079
regice.eth,2023-03-11 16:24:23,0.5238267412261106,2024-03-10 22:13:35,16,8.084768132453831
thoughttotext.eth,2023-03-11 16:23:23,0.003465455078886464,2024-03-10 16:23:23,16,-0.2647152458381116
elonbrain.eth,2023-03-11 16:18:35,0.003467757470274492,2024-03-10 22:07:47,16,-0.2646783027004562
whoslaughingnow.eth,2023-03-11 16:18:11,0.003467757470274492,2024-03-10 22:07:23,16,-0.2646783027004562
bitcoin2025.eth,2023-03-11 16:13:35,0.003467757470274492,2024-03-10 22:02:47,16,-0.2646783027004562
fevralev.eth,2023-03-11 16:08:47,0.003467757470274492,2024-03-10 21:57:59,16,-0.2646783027004562
codexnft.eth,2023-03-11 16:03:47,0.003467757470274492,2024-03-10 21:52:59,16,-0.2646783027004562
dataid.eth,2023-03-11 15:59:47,0.003467757470274492,2024-03-10 21:48:59,15,-0.2646783027004562
solparagliders.eth,2023-03-11 15:59:11,0.003467757470274492,2024-03-10 21:48:23,15,-0.2646783027004562
foldingpaper.eth,2023-03-11 15:58:23,0.006935514940548984,2025-03-11 03:36:47,15,-0.20903622453514722
codexid.eth,2023-03-11 15:57:35,0.003467757470274492,2024-03-10 21:46:47,15,-0.2646783027004562
thegreatmurmuration.eth,2023-03-11 15:55:11,0.00695154962560687,2025-03-11 03:33:35,15,-0.2087789391837364
unstables.eth,2023-03-11 15:44:11,0.003475774812803435,2024-03-10 21:33:23,15,-0.26454966002475083
nonstablecoins.eth,2023-03-11 15:44:11,0.003475774812803435,2024-03-10 21:33:23,15,-0.26454966002475083
cubai.eth,2023-03-11 15:39:23,0.003475774812803435,2024-03-10 21:28:35,15,-0.26454966002475083
700v2.eth,2023-03-11 15:26:47,0.003475774812803435,2024-03-10 21:15:59,15,-0.26454966002475083
swagils.eth,2023-03-11 15:26:47,0.003475774812803435,2024-03-10 21:15:59,15,-0.26454966002475083
crptsmmr.eth,2023-03-11 15:18:35,0.00695154962560687,2025-03-11 02:56:59,15,-0.2087789391837364
eazy-duz-it.eth,2023-03-11 15:15:59,0.010427324438410305,2026-03-11 08:43:35,15,-0.15300821834272196
emr.eth,2023-03-11 15:15:35,0.8297028607209628,2024-03-10 21:04:47,15,12.992718903442084
jf0129.eth,2023-03-11 15:03:11,0.010427324438410305,2026-03-11 08:30:47,15,-0.15300821834272196
panda38.eth,2023-03-11 14:55:47,0.003475774812803435,2024-03-10 20:44:59,14,-0.26454966002475083
kibbletoken.eth,2023-03-11 14:54:59,0.003471402653471176,2024-03-10 20:44:11,14,-0.2646198137288095
0xbogart.eth,2023-03-11 14:51:23,0.003471402653471176,2024-03-10 20:40:35,14,-0.2646198137288095
üßç‚Äç‚ôÇüßç‚Äç‚ôÇüßç‚Äç‚ôÇ.eth,2023-03-11 14:46:47,0.003478602219540306,2024-03-11 14:46:47,14,-0.2645042927267184
üö£‚Äç‚ôÄüö£‚Äç‚ôÄüö£‚Äç‚ôÄ.eth,2023-03-11 14:46:47,0.003478602219540306,2024-03-11 14:46:47,14,-0.2645042927267184
üö£‚Äç‚ôÇüö£‚Äç‚ôÇüö£‚Äç‚ôÇ.eth,2023-03-11 14:46:47,0.003478602219540306,2024-03-11 14:46:47,14,-0.2645042927267184
üßó‚Äç‚ôÄüßó‚Äç‚ôÄüßó‚Äç‚ôÄ.eth,2023-03-11 14:46:47,0.003478602219540306,2024-03-11 14:46:47,14,-0.2645042927267184
xerneas.eth,2023-03-11 14:44:23,0.5403231054421037,2024-03-10 20:33:35,14,8.34946138018463
kooook.eth,2023-03-11 14:44:23,0.006942805306942352,2025-03-11 02:22:47,14,-0.20891924659185362
yeli.eth,2023-03-11 14:38:47,0.12576669919140393,2024-03-10 20:27:59,14,1.697675562330078
thegeezer.eth,2023-03-11 14:33:47,0.01735701326735588,2028-03-10 19:39:47,14,-0.04181754518098624
prettyboyfredo.eth,2023-03-11 14:29:47,0.003471402653471176,2024-03-10 20:18:59,14,-0.2646198137288095
usdcclassic.eth,2023-03-11 14:27:35,0.003471402653471176,2024-03-10 20:16:47,14,-0.2646198137288095
usdclassic.eth,2023-03-11 14:27:35,0.003471402653471176,2024-03-10 20:16:47,14,-0.2646198137288095
digitalmassive.eth,2023-03-11 14:27:23,0.006942805306942352,2025-03-11 02:05:47,14,-0.20891924659185362
illax.eth,2023-03-11 14:25:23,0.01735701326735588,2028-03-10 19:31:23,14,-0.04181754518098624
stoneking.eth,2023-03-11 14:24:47,0.003504310989632956,2024-03-10 20:13:59,14,-0.26409178135379474
littlekingdom.eth,2023-03-11 14:23:47,0.00352007656443503,2024-03-10 20:12:59,14,-0.26383881402462667
advisable.eth,2023-03-11 14:22:47,0.003471402653471176,2024-03-10 20:11:59,14,-0.2646198137288095
vravatar.eth,2023-03-11 14:21:35,0.003471402653471176,2024-03-10 20:10:47,14,-0.2646198137288095
tangoauh.eth,2023-03-11 14:19:35,0.003489226993688976,2024-03-10 20:08:47,14,-0.26433381237486664
dont-care-if-it-rugs.eth,2023-03-11 14:03:35,0.006978453987377952,2025-03-11 01:41:59,14,-0.20834724388396797
dyztopian.eth,2023-03-11 14:01:47,0.03489226993688976,2033-03-11 00:13:47,14,0.23954530404322105
ningen.eth,2023-03-11 14:00:47,0.040021830516462416,2024-03-10 19:49:59,14,0.3218519281854444
0xfeldman.eth,2023-03-11 13:59:35,0.003489226993688976,2024-03-10 19:48:47,13,-0.26433381237486664
ilovemusic.eth,2023-03-11 13:55:35,0.039445935623557665,2026-03-11 07:23:11,13,0.31261137750660123
lifeofus.eth,2023-03-11 13:55:35,0.003477764058096572,2024-03-10 19:44:47,13,-0.26451774148862495
110101101011.eth,2023-03-11 13:52:11,0.003477764058096572,2024-03-10 19:41:23,13,-0.26451774148862495
igo.eth,2023-03-11 13:44:59,0.03739290549765322,2023-04-11 06:04:42,13,0.279669378615235
gamalon.eth,2023-03-11 13:32:35,0.003477764058096572,2024-03-10 19:21:47,13,-0.26451774148862495
hedrick.eth,2023-03-11 13:25:35,0.016937262085177523,2024-03-10 19:14:47,13,-0.048552684039154526
crybully.eth,2023-03-11 13:23:23,0.010490335732353548,2026-03-11 06:50:59,13,-0.15199716743361394
depeginu.eth,2023-03-11 13:15:35,0.000536933677083181,2023-05-06 15:15:35,13,-0.31170498434915583
onchaintattoo.eth,2023-03-11 13:15:23,0.010490335732353548,2026-03-11 06:42:59,13,-0.15199716743361394
alexcloak.eth,2023-03-11 13:07:47,0.010490335732353548,2026-03-11 06:35:23,13,-0.15199716743361394
nofucking.eth,2023-03-11 13:06:23,0.003496778577451182,2024-03-10 18:55:35,13,-0.26421264305504816
promptperfect.eth,2023-03-11 13:01:23,0.013987114309804732,2027-03-11 12:18:11,13,-0.0958894296228968
cryptomaximka.eth,2023-03-11 13:00:59,0.017483892887255915,2028-03-10 18:06:59,13,-0.039781691812179686
piratebank.eth,2023-03-11 13:00:11,0.006993557154902365,2025-03-11 00:38:35,13,-0.20810490524433103
thomashartmann.eth,2023-03-11 12:47:59,0.007010994513214666,2025-03-11 00:26:23,12,-0.20782511322815736
bitstubs.eth,2023-03-11 12:47:47,0.010516491769822,2026-03-11 06:15:23,12,-0.15157747940935334
tatacreationsbycarmenituarte.eth,2023-03-11 12:41:47,0.003505497256607333,2024-03-10 18:30:59,12,-0.2640727470469613
pok√©mongroup.eth,2023-03-11 12:29:23,0.003487933674696489,2024-03-10 18:18:35,12,-0.26435456439027993
pok√©monvault.eth,2023-03-11 12:29:23,0.003487933674696489,2024-03-10 18:18:35,12,-0.26435456439027993
pok√©moncollection.eth,2023-03-11 12:29:23,0.003487933674696489,2024-03-10 18:18:35,12,-0.26435456439027993
alexaichatbot.eth,2023-03-11 12:20:23,0.003487933674696489,2024-03-10 18:09:35,12,-0.26435456439027993
alexchatbot.eth,2023-03-11 12:14:47,0.003487933674696489,2024-03-10 18:03:59,12,-0.26435456439027993
roadwebvault.eth,2023-03-11 12:11:11,0.10463801024089468,2053-03-10 18:47:11,12,1.3586541133987957
moonplayground.eth,2023-03-11 12:06:11,0.003487933674696489,2024-03-10 17:55:23,12,-0.26435456439027993
rohanog.eth,2023-03-11 12:01:23,0.003487933674696489,2024-03-10 17:50:35,12,-0.26435456439027993
ruomise.eth,2023-03-11 12:00:35,0.003487933674696489,2024-03-10 17:49:47,12,-0.26435456439027993
visualchatgpt.eth,2023-03-11 11:59:23,0.00069758669072801,2023-05-23 13:09:13,11,-0.3091272182800627
d3marketreal.eth,2023-03-11 11:59:11,0.013951734698785957,2027-03-11 11:15:59,11,-0.09645711496382381
showpiece.eth,2023-03-11 11:56:47,0.068768715857209,2033-03-10 22:08:47,11,0.7831115332328487
reald3market.eth,2023-03-11 11:54:47,0.013916575229126985,2027-03-11 11:11:35,11,-0.09702126801540975
thenudemaja.eth,2023-03-11 11:47:11,0.003769072457888558,2024-04-10 04:05:29,11,-0.2598435378021273
thenakedmaja.eth,2023-03-11 11:47:11,0.003769072457888558,2024-04-10 04:05:29,11,-0.2598435378021273
girlwithapearl.eth,2023-03-11 11:47:11,0.003769072457888558,2024-04-10 04:05:29,11,-0.2598435378021273
ad19.eth,2023-03-11 11:45:23,0.11133260183288422,2024-03-10 17:34:35,11,1.4660725219349662
niggawtf.eth,2023-03-11 11:43:59,0.003479143807281746,2024-03-10 17:33:11,11,-0.2644956026531764
undyingrage.eth,2023-03-11 11:38:59,0.003479143807281746,2024-03-10 17:28:11,11,-0.2644956026531764
aitarget.eth,2023-03-11 11:37:59,0.003479143807281746,2024-03-10 17:27:11,11,-0.2644956026531764
removeliquiditybsc.eth,2023-03-11 11:06:47,0.003461715952629369,2024-03-10 16:55:59,11,-0.26477524217789333
51207.eth,2023-03-11 10:30:23,0.052937027194194256,2024-03-10 16:19:35,10,0.5290833707597173
Á•ûÂ•áÂÆùË¥ù.eth,2023-03-11 10:29:23,0.1107695457104279,2024-03-10 16:18:35,10,1.4570379763977632
irls.eth,2023-03-11 09:41:35,0.1116190054167962,2024-03-10 15:30:47,9,1.4706680251497841
778712.eth,2023-03-11 09:37:59,0.003488093919279006,2024-03-10 15:27:11,9,-0.2643519931777132
sarara.eth,2023-03-11 09:37:59,0.01744046959639503,2028-03-10 14:43:59,9,-0.040478442425504746
toadstone.eth,2023-03-11 09:24:47,0.01046428175783702,2026-03-11 02:52:23,9,-0.15241521780160894
unilateraldecisions.eth,2023-03-11 08:50:23,0.01042417752544102,2026-03-11 02:17:59,8,-0.1530587122941927
junglex.eth,2023-03-11 08:04:11,0.010249908326578409,2026-03-11 01:31:47,8,-0.15585495755299153
lamb0.eth,2023-03-11 07:57:23,0.003416636108859469,2024-03-10 13:46:35,7,-0.2654985730948407
‚ôì‚ôì‚ôì‚ôì.eth,2023-03-11 07:33:11,0.008403848787600606,2023-04-08 07:33:11,7,-0.18547599940673065
‚ôà‚ôà‚ôà‚ôà.eth,2023-03-11 07:33:11,0.008403848787600606,2023-04-08 07:33:11,7,-0.18547599940673065
‚õÑ‚õÑ‚õÑ‚õÑ.eth,2023-03-11 07:33:11,0.008403848787600606,2023-04-08 07:33:11,7,-0.18547599940673065
üåúüåúüåúüåú.eth,2023-03-11 07:33:11,0.008403848787600606,2023-04-08 07:33:11,7,-0.18547599940673065
üçØüçØüçØüçØ.eth,2023-03-11 07:33:11,0.008403848787600606,2023-04-08 07:33:11,7,-0.18547599940673065
stefan84.eth,2023-03-11 07:26:59,0.06817150522609774,2043-03-11 03:50:59,7,0.7735289597967612
usdcdepeg.eth,2023-03-11 07:21:47,0.003408575261304887,2024-03-10 13:10:59,7,-0.26562791383263895
horafa73.eth,2023-03-11 07:04:59,0.006817150522609774,2025-03-10 18:43:23,7,-0.21093544679951262
ÂÆùÂèØÊ¢¶Á≥ªÂàó.eth,2023-03-11 06:58:23,0.003408575261304887,2024-03-10 12:47:35,6,-0.26562791383263895
patriotic.eth,2023-03-11 06:57:47,0.4872609525811126,2024-03-10 12:46:59,6,7.498049918333713
loveisagarden.eth,2023-03-11 06:47:11,0.0102380231590215,2026-03-11 00:14:47,6,-0.15604566161112654
„Éù„Ç±„É¢„É≥„Éà„É¨„Éº„Éä„Éº.eth,2023-03-11 06:44:35,0.003412674386340499,2024-03-10 12:33:47,6,-0.26556214111421905
shotikovault.eth,2023-03-11 06:35:59,0.0170633719317025,2028-03-10 11:41:59,6,-0.046529182108034035
lotideployer.eth,2023-03-11 06:33:59,0.003412674386340499,2024-03-10 12:23:11,6,-0.26556214111421905
doge-1dev.eth,2023-03-11 06:32:35,0.0102380231590215,2026-03-11 00:00:11,6,-0.15604566161112654
shotiko.eth,2023-03-11 06:30:47,0.0170633719317025,2028-03-10 11:36:47,6,-0.046529182108034035
gordraws.eth,2023-03-11 06:18:47,0.003412674386340499,2024-03-10 12:07:59,6,-0.26556214111421905
zetsuen.eth,2023-03-11 06:11:35,0.003412674386340499,2024-03-10 12:00:47,6,-0.26556214111421905
depositinsurancenationalbankofsantaclara.eth,2023-03-11 06:08:47,0.003412674386340499,2024-03-10 11:57:59,6,-0.26556214111421905
usdcbear.eth,2023-03-11 06:02:11,0.003412674386340499,2024-03-10 11:51:23,6,-0.26556214111421905
l3yumvault.eth,2023-03-11 05:50:11,0.017117663682691187,2028-03-10 10:56:11,5,-0.045658041067133955
wyzecam.eth,2023-03-11 05:19:59,0.013694130946152948,2027-03-11 04:36:47,5,-0.10059050902686023
ringothy.eth,2023-03-11 04:50:47,0.01701263602929298,2028-03-10 09:56:47,4,-0.04734326760041844
clownworldcapitalist.eth,2023-03-11 04:44:35,0.01701263602929298,2028-03-10 09:50:35,4,-0.04734326760041844
clownworldcapitalism.eth,2023-03-11 04:35:23,0.01701263602929298,2028-03-10 09:41:23,4,-0.04734326760041844
will-thomas.eth,2023-03-11 04:20:59,0.006805054411717192,2025-03-10 15:59:23,4,-0.21112953555962652
snave.eth,2023-03-11 04:20:47,0.05103790808787895,2038-03-10 19:38:47,4,0.49861095893027535
memezine.eth,2023-03-11 04:15:11,0.006805054411717192,2025-03-10 15:53:35,4,-0.21112953555962652
elonbankdev.eth,2023-03-11 04:13:23,0.003402527205858596,2024-03-10 10:02:35,4,-0.26572495821269587
smallsparrow8.eth,2023-03-11 04:10:35,0.006805054411717192,2025-03-10 15:48:59,4,-0.21112953555962652
thirstythursday.eth,2023-03-11 04:06:11,0.020517804835975675,2025-03-10 15:44:35,4,0.008899096058480539
goin2zero.eth,2023-03-11 04:00:59,0.003384386400854462,2024-03-10 09:50:11,4,-0.2660160374183999
mindbenders.eth,2023-03-11 03:56:59,0.03586707714898392,2033-10-15 17:38:30,3,0.25518662254845004
tacotuesdays.eth,2023-03-11 03:54:11,0.010818143887727977,2025-03-10 15:32:35,3,-0.14673730506984664
mocasmoka.eth,2023-03-11 03:52:35,0.010163227048649833,2026-03-10 21:20:11,3,-0.1572458063892537
mocape.eth,2023-03-11 03:37:59,0.010163227048649833,2026-03-10 21:05:35,3,-0.1572458063892537
pan-drainer.eth,2023-03-11 03:34:35,0.006775484699099889,2025-03-10 15:12:59,3,-0.2116039978814242
fazendeiro.eth,2023-03-11 03:30:23,0.010163227048649833,2026-03-10 20:57:59,3,-0.1572458063892537
registered-security.eth,2023-03-11 03:29:11,0.003387742349549944,2024-03-10 09:18:23,3,-0.2659621893735947
dogmoneydeployer.eth,2023-03-11 03:25:11,0.010163227048649833,2026-03-10 20:52:47,3,-0.1572458063892537
ritcoin.eth,2023-03-11 03:24:35,0.016938711747749725,2028-03-10 08:30:35,3,-0.048529423404912585
theaccolade.eth,2023-03-11 03:19:23,0.006775484699099889,2025-03-10 14:57:47,3,-0.2116039978814242
dexspace.eth,2023-03-11 03:11:11,0.020207209525333343,2029-03-10 14:06:23,3,0.003915423266861961
buildanddestroypodcast.eth,2023-03-11 03:03:23,0.006735736508444447,2025-03-10 14:41:47,3,-0.21224177948822287
valenciacrypto.eth,2023-03-11 03:01:47,0.04063336695571581,2035-03-11 00:52:11,3,0.3316643671018195
thehotguy.eth,2023-03-11 02:54:11,0.006785453398358748,2025-03-10 14:32:35,2,-0.2114440446124535
puggi.eth,2023-03-11 02:50:47,0.003392726699179374,2024-03-10 08:39:59,2,-0.2658822127391094
satoshisleuth.eth,2023-03-11 02:37:11,0.006826829944727325,2025-03-10 14:15:35,2,-0.21078013514156752
professorskeleton.eth,2023-03-11 02:33:35,0.006826829944727325,2025-03-10 14:11:59,2,-0.21078013514156752
hashhacker.eth,2023-03-11 02:31:35,0.006894951998640952,2025-03-10 14:09:59,2,-0.20968707927444447
blurismeme.eth,2023-03-11 02:25:59,0.03447475999320476,2033-03-10 12:37:59,2,0.2328461270908388
blurgoats.eth,2023-03-11 02:21:47,0.006894951998640952,2025-03-10 14:00:11,2,-0.20968707927444447
applegreens.eth,2023-03-11 02:17:23,0.006894951998640952,2025-03-10 13:55:47,2,-0.20968707927444447
chainsavvy.eth,2023-03-11 02:05:47,0.003464863843172894,2024-03-10 07:54:59,2,-0.26472473254070555
medell√≠n.eth,2023-03-11 02:02:11,0.1442525440171511,2026-03-10 19:29:47,2,1.9942911219714445
etherforge.eth,2023-03-11 01:55:47,0.003464863843172894,2024-03-10 07:44:59,1,-0.26472473254070555
versigable.eth,2023-03-11 01:49:59,0.03478587461631492,2033-03-10 12:01:59,1,0.23783813253696812
degodsnfts.eth,2023-03-11 01:40:59,0.003478587461631491,2024-03-10 07:30:11,1,-0.2645045295254919
delabsnfts.eth,2023-03-11 01:37:23,0.006957174923262983,2025-03-10 13:15:47,1,-0.20868867818521858
coldsnack.eth,2023-03-11 01:37:11,0.017381389398762388,2028-03-09 01:37:11,1,-0.04142641672961234
vismad.eth,2023-03-11 01:34:59,0.013914349846525967,2027-03-11 00:51:47,1,-0.0970569755046719
degenmorenft.eth,2023-03-11 01:32:23,0.006957174923262983,2025-03-10 13:10:47,1,-0.20868867818521858
kakihara.eth,2023-03-11 01:30:11,0.003478587461631491,2024-03-10 07:19:23,1,-0.2645045295254919
degenmorenfts.eth,2023-03-11 01:28:23,0.007001329905156004,2025-03-10 13:06:47,1,-0.20798018718637007
rockpets.eth,2023-03-11 01:12:59,0.007001329905156004,2025-03-10 12:51:23,1,-0.20798018718637007
dillyflippd.eth,2023-03-11 01:11:47,0.003500664952578002,2024-03-10 07:00:59,1,-0.2641502840260676
benscafe.eth,2023-03-11 01:09:35,0.003500664952578002,2024-03-10 06:58:47,1,-0.2641502840260676
ichithekiller.eth,2023-03-11 01:05:35,0.003500664952578002,2024-03-10 06:54:47,1,-0.2641502840260676
pimpdaddygriff.eth,2023-03-11 01:00:35,0.003500664952578002,2024-03-10 06:49:47,1,-0.2641502840260676
sonsofsatoshi.eth,2023-03-11 00:57:11,0.003500664952578002,2024-03-10 06:46:23,0,-0.2641502840260676
miamiape.eth,2023-03-11 00:56:11,0.04485782087099678,2024-03-10 06:45:23,0,0.39944805640959674
pearlclub.eth,2023-03-11 00:51:35,0.010445657552401216,2026-03-10 18:19:11,0,-0.15271405343342828
fellowdigi.eth,2023-03-11 00:48:59,0.003481885850800405,2024-03-10 06:38:11,0,-0.26445160505498627
azpresident.eth,2023-03-11 00:48:23,0.010445657552401216,2026-03-10 18:15:59,0,-0.15271405343342828
timestamping.eth,2023-03-11 00:48:23,0.003481885850800405,2024-03-10 06:37:35,0,-0.26445160505498627
swapnilgawande.eth,2023-03-11 00:43:11,0.03481885850800406,2033-03-10 10:55:11,0,0.2383673772420247
stonkys.eth,2023-03-11 00:31:59,0.003481885850800405,2024-03-10 06:21:11,0,-0.26445160505498627
cartoonification.eth,2023-03-11 00:28:35,0.010445657552401216,2026-03-10 17:56:11,0,-0.15271405343342828
481526.eth,2023-03-11 00:26:47,0.006963771701600811,2025-03-10 12:05:11,0,-0.20858282924420726
payrelay.eth,2023-03-11 00:24:47,0.006959148157961617,2025-03-10 00:24:47,0,-0.2086570165478979
oglag.eth,2023-03-11 00:22:23,0.006963771701600811,2025-03-10 12:00:47,0,-0.20858282924420726
lostlaing.eth,2023-03-11 00:18:23,0.006963771701600811,2025-03-10 11:56:47,0,-0.20858282924420726
felicianoassetmanagement.eth,2023-03-11 00:10:35,0.07002280413019522,2043-03-10 20:34:35,0,0.8032340701489534
jagerlecoultre.eth,2023-03-11 00:08:11,0.010503420619529283,2026-03-10 17:35:47,0,-0.15178721321355745
audioether.eth,2023-03-11 00:06:35,0.03501140206509761,2033-03-10 10:18:35,0,0.2414568446415941
vacheroncostantin.eth,2023-03-11 00:05:23,0.010503420619529283,2026-03-10 17:32:59,0,-0.15178721321355745
skogis.eth,2023-03-11 00:03:59,0.007002280413019522,2025-03-10 11:42:23,0,-0.2079649357642934
alltimetrading.eth,2023-03-11 00:02:59,0.00175057010325488,2023-09-09 14:57:35,0,-0.2922315195903973
learningblocks.eth,2023-03-10 23:53:59,0.01752684320951845,2028-03-10 04:59:59,23,-0.039092530240459944
cryptocurrencyapp.eth,2023-03-10 23:51:11,0.00350536864190369,2024-03-10 05:40:23,23,-0.2640748107407042
paulmcgarry.eth,2023-03-10 23:50:47,0.01752684320951845,2028-03-10 04:56:47,23,-0.039092530240459944
blueghost.eth,2023-03-10 23:46:35,0.00350536864190369,2024-03-10 05:35:47,23,-0.2640748107407042
disnenfo.eth,2023-03-10 23:42:11,0.00350536864190369,2024-03-10 05:31:23,23,-0.2640748107407042
ethereumtheking.eth,2023-03-10 23:39:47,0.00350536864190369,2024-03-10 05:28:59,23,-0.2640748107407042
ensmasters.eth,2023-03-10 23:39:11,0.00701073728380738,2025-03-10 11:17:35,23,-0.20782924061564315
rodcostas.eth,2023-03-10 23:34:35,0.003503041278862254,2024-03-09 23:34:35,23,-0.26411215456228937
rekttbot.eth,2023-03-10 23:34:23,0.00350536864190369,2024-03-10 05:23:35,23,-0.2640748107407042
hexstring.eth,2023-03-10 23:32:47,0.00701073728380738,2025-03-10 11:11:11,23,-0.20782924061564315
johnnydeppfreeze.eth,2023-03-10 23:29:59,0.00701073728380738,2025-03-10 11:08:23,23,-0.20782924061564315
dustinhaggett.eth,2023-03-10 23:25:35,0.00350536864190369,2024-03-10 05:14:47,23,-0.2640748107407042
ipv4.eth,2023-03-10 23:22:35,0.22434359308157087,2025-03-10 11:00:59,23,3.279396107133886
eubanks.eth,2023-03-10 23:19:11,0.05257816085239125,2026-03-10 16:46:47,23,0.5233251626922077
cyborns.eth,2023-03-10 23:17:59,0.000350536841974226,2023-04-16 11:52:54,23,-0.3146958242097294
xomillion.eth,2023-03-10 23:16:23,0.00350536864190369,2024-03-10 05:05:35,23,-0.2640748107407042
co-dao.eth,2023-03-10 23:15:35,0.0350536864190369,2033-03-10 09:27:35,23,0.24213532038484537
hiimmedia.eth,2023-03-10 23:15:23,0.01402147456761476,2027-03-10 22:32:11,23,-0.09533810036552103
vintageai.eth,2023-03-10 23:11:47,0.00350536864190369,2024-03-10 05:00:59,23,-0.2640748107407042
postphoto.eth,2023-03-10 23:11:47,0.00350536864190369,2024-03-10 05:00:59,23,-0.2640748107407042
postphotographer.eth,2023-03-10 23:11:47,0.00350536864190369,2024-03-10 05:00:59,23,-0.2640748107407042
postphotograph.eth,2023-03-10 23:11:47,0.00350536864190369,2024-03-10 05:00:59,23,-0.2640748107407042
ai-photography.eth,2023-03-10 23:11:47,0.00350536864190369,2024-03-10 05:00:59,23,-0.2640748107407042
ocrap.eth,2023-03-10 22:58:35,0.00701073728380738,2025-03-10 10:36:59,22,-0.20782924061564315
papapowel.eth,2023-03-10 22:53:47,0.017722668245819546,2028-03-10 03:59:47,22,-0.0359504097000268
stablecats.eth,2023-03-10 22:47:35,0.017722668245819546,2028-03-10 03:53:35,22,-0.0359504097000268
willilempert.eth,2023-03-10 22:44:11,0.017722668245819546,2028-03-10 03:50:11,22,-0.0359504097000268
emsreal.eth,2023-03-10 22:43:47,0.003544533649163908,2024-03-10 04:32:59,22,-0.26344638663261755
ramenpacket.eth,2023-03-10 22:41:35,0.003544533649163908,2024-03-10 04:30:47,22,-0.26344638663261755
üßë‚Äçü¶≤üßë‚Äçü¶≤üßë‚Äçü¶≤.eth,2023-03-10 22:39:47,0.007159403798369404,2024-03-10 04:28:59,22,-0.20544380452481717
roseglow.eth,2023-03-10 22:38:59,0.007089067298327817,2025-03-10 10:17:23,22,-0.20657239239946987
cookerino.eth,2023-03-10 22:38:47,0.003544533649163908,2024-03-10 04:27:59,22,-0.26344638663261755
snuswarlord.eth,2023-03-10 22:35:11,0.003544533649163908,2024-03-10 04:24:23,22,-0.26344638663261755
nowhiteflags.eth,2023-03-10 22:27:23,0.010633600947491724,2026-03-10 15:54:59,22,-0.14969839816632224
swolla.eth,2023-03-10 22:27:11,0.003544533649163908,2024-03-10 04:16:23,22,-0.26344638663261755
ohfuckimdrunk.eth,2023-03-10 22:26:35,0.007089067298327817,2025-03-10 10:04:59,22,-0.20657239239946987
strong420.eth,2023-03-10 22:24:35,0.003544533649163908,2024-03-10 04:13:47,22,-0.26344638663261755
jpmorganisafortress.eth,2023-03-10 22:21:59,0.003544533649163908,2024-03-10 04:11:11,22,-0.26344638663261755
juanluisguerra.eth,2023-03-10 22:18:59,0.003526550728789431,2024-03-10 04:08:11,22,-0.263734932492498
rebbullnft.eth,2023-03-10 22:17:35,0.017632753643947157,2028-03-10 03:23:35,22,-0.03739313899942907
lazybuttons.eth,2023-03-10 22:13:11,0.010579652186368294,2026-03-10 15:40:47,22,-0.15056403574596355
btcnestegg.eth,2023-03-10 22:12:23,0.007053101457578862,2025-03-10 09:50:47,22,-0.2071494841192308
ethnestegg.eth,2023-03-10 22:07:59,0.007053101457578862,2025-03-10 09:46:23,22,-0.2071494841192308
missluxeno.eth,2023-03-10 22:07:23,0.007053101457578862,2025-03-10 09:45:47,22,-0.2071494841192308
kevinjames.eth,2023-03-10 22:06:59,0.025709500251966295,2024-03-10 03:56:11,22,0.09220270786618878
sanchaz.eth,2023-03-10 22:06:47,0.003526550728789431,2024-03-10 03:55:59,22,-0.263734932492498
pawpetuals.eth,2023-03-10 22:03:35,0.003526550728789431,2024-03-10 03:52:47,22,-0.263734932492498
ifbb.eth,2023-03-10 21:57:47,0.18257060693419694,2023-05-22 23:07:37,21,2.609125541693631
toomany0s.eth,2023-03-10 21:57:35,0.017632753643947157,2028-03-10 03:03:35,21,-0.03739313899942907
royalroiers.eth,2023-03-10 21:56:47,0.010579652186368294,2026-03-10 15:24:23,21,-0.15056403574596355
barjomi.eth,2023-03-10 21:55:47,0.003532940053938236,2024-03-10 03:44:59,21,-0.2636324122521407
wildrun.eth,2023-03-10 21:55:11,0.003532940053938236,2024-03-10 03:44:23,21,-0.2636324122521407
jbsquantum.eth,2023-03-10 21:52:11,0.01059882016181471,2026-03-10 15:19:47,21,-0.15025647502489162
runningoutofeth.eth,2023-03-10 21:50:35,0.01059882016181471,2026-03-10 15:18:11,21,-0.15025647502489162
snailbrooktexas.eth,2023-03-10 21:49:23,0.007065880107876473,2025-03-10 09:27:47,21,-0.2069444436385162
thetechstockcollapse.eth,2023-03-10 21:45:23,0.003532940053938236,2024-03-10 03:34:35,21,-0.2636324122521407
kotcat.eth,2023-03-10 21:45:11,0.003532940053938236,2024-03-10 03:34:23,21,-0.2636324122521407
ens-music.eth,2023-03-10 21:44:47,0.003532940053938236,2024-03-10 03:33:59,21,-0.2636324122521407
techstockcollapse.eth,2023-03-10 21:44:47,0.003532940053938236,2024-03-10 03:33:59,21,-0.2636324122521407
curioushero.eth,2023-03-10 21:40:47,0.003532940053938236,2024-03-10 03:29:59,21,-0.2636324122521407
prezauto1.eth,2023-03-10 21:37:11,0.003512902692476712,2024-03-10 03:26:23,21,-0.263953922750561
goatling.eth,2023-03-10 21:32:47,0.003512902692476712,2024-03-10 03:21:59,21,-0.263953922750561
apams.eth,2023-03-10 21:32:35,0.003512902692476712,2024-03-10 03:21:47,21,-0.263953922750561
arushk.eth,2023-03-10 21:30:47,0.014051610769906847,2027-03-10 20:47:35,21,-0.09485454840494832
lionade.eth,2023-03-10 21:30:23,0.003512902692476712,2024-03-10 03:19:35,21,-0.263953922750561
bizzyaf.eth,2023-03-10 21:27:23,0.003512902692476712,2024-03-10 03:16:35,21,-0.263953922750561
stickmanyachtclub.eth,2023-03-10 21:24:11,0.003512902692476712,2024-03-10 03:13:23,21,-0.263953922750561
lordvenge.eth,2023-03-10 21:23:47,0.010538708077430136,2026-03-10 14:51:23,21,-0.15122100652015255
bankersatoshi.eth,2023-03-10 21:22:11,0.003512902692476712,2024-03-10 03:11:23,21,-0.263953922750561
finalthoughts.eth,2023-03-10 21:20:35,0.003512902692476712,2024-03-10 03:09:47,21,-0.263953922750561
pedo.eth,2023-03-10 21:19:35,0.008617728803344112,2023-04-07 21:19:35,21,-0.18204417677899204
matiyna.eth,2023-03-10 21:16:47,0.003512902692476712,2024-03-10 03:05:59,21,-0.263953922750561
dbarot.eth,2023-03-10 21:14:59,0.007025805384953424,2025-03-10 08:53:23,21,-0.2075874646353568
winwild.eth,2023-03-10 21:12:23,0.003512902692476712,2024-03-10 03:01:35,21,-0.263953922750561
larrybinancejr.eth,2023-03-10 20:59:23,0.007025805384953424,2025-03-10 08:37:47,20,-0.2075874646353568
fuckoffscammer.eth,2023-03-10 20:58:47,0.007025805384953424,2025-03-10 08:37:11,20,-0.2075874646353568
lovemachi.eth,2023-03-10 20:53:59,0.003522721902283888,2024-03-10 02:43:11,20,-0.2637963681221604
javier7moreno.eth,2023-03-10 20:47:23,0.007085534570338987,2025-03-10 08:25:47,20,-0.20662907696538207
melrenterrwallet.eth,2023-03-10 20:42:23,0.007085534570338987,2025-03-10 08:20:47,20,-0.20662907696538207
ahxgh0st.eth,2023-03-10 20:40:47,0.003542767285169493,2024-03-10 02:29:59,20,-0.26347472891557366
ethmood.eth,2023-03-10 20:31:47,0.003542767285169493,2024-03-10 02:20:59,20,-0.26347472891557366
genibest.eth,2023-03-10 20:31:11,0.014171069140677974,2027-03-10 19:47:59,20,-0.09293777306499891
perfectpuppy.eth,2023-03-10 20:29:47,0.003542767285169493,2024-03-10 02:18:59,20,-0.26347472891557366
unmeasured.eth,2023-03-10 20:29:23,0.006680544060423316,2024-03-10 02:18:35,20,-0.2131273727089862
gƒ±gachad.eth,2023-03-10 20:27:47,0.007085534570338987,2025-03-10 08:06:11,20,-0.20662907696538207
scammerviruscalls.eth,2023-03-10 20:26:35,0.003542767285169493,2024-03-10 02:15:47,20,-0.26347472891557366
0xnatef.eth,2023-03-10 20:20:23,0.003542767285169493,2024-03-10 02:09:35,20,-0.26347472891557366
zabicko.eth,2023-03-10 20:17:59,0.007085534570338987,2025-03-10 07:56:23,20,-0.20662907696538207
roamaroundio.eth,2023-03-10 20:17:35,0.003542767285169493,2024-03-10 02:06:47,20,-0.26347472891557366
roamaround.eth,2023-03-10 20:17:35,0.003542767285169493,2024-03-10 02:06:47,20,-0.26347472891557366
gluglugluglug.eth,2023-03-10 20:16:35,0.003542767285169493,2024-03-10 02:05:47,20,-0.26347472891557366
urlie.eth,2023-03-10 20:13:47,0.003542767285169493,2024-03-10 02:02:59,20,-0.26347472891557366
howltools.eth,2023-03-10 20:07:11,0.003542767285169493,2024-03-10 01:56:23,20,-0.26347472891557366
megabyte3102.eth,2023-03-10 20:05:35,0.01062830185550848,2026-03-10 13:33:11,20,-0.1497834250151905
ipromise.eth,2023-03-10 20:04:11,0.03003500276825257,2024-03-10 01:53:23,20,0.16160777762050202
alternativefuel.eth,2023-03-10 20:03:59,0.014394767419640998,2024-03-10 01:53:11,20,-0.0893484109973799
myshoes.eth,2023-03-10 20:03:23,0.01736392906879822,2024-03-10 01:52:35,20,-0.041706577338589824
khugussyking.eth,2023-03-10 20:03:23,0.010688651028948023,2026-03-10 13:30:59,20,-0.14881508929548717
ilovecoffee.eth,2023-03-10 20:02:59,0.010935974979428068,2024-03-10 01:52:11,20,-0.1448466403186692
samewallet.eth,2023-03-10 19:53:47,0.017764705189537197,2028-03-10 00:59:47,19,-0.035275903790020616
defiphilly.eth,2023-03-10 19:53:47,0.017764705189537197,2028-03-10 00:59:47,19,-0.035275903790020616
davidjrdotcom.eth,2023-03-10 19:50:59,0.017764705189537197,2028-03-10 00:56:59,19,-0.035275903790020616
bejack.eth,2023-03-10 19:50:59,0.003552941037907439,2024-03-10 01:40:11,19,-0.26331148545061633
ridam.eth,2023-03-10 19:50:35,0.003552941037907439,2024-03-10 01:39:47,19,-0.26331148545061633
bigarfs.eth,2023-03-10 19:50:11,0.007105882075814879,2025-03-10 07:28:35,19,-0.2063025900354674
justinsider.eth,2023-03-10 19:47:11,0.007105882075814879,2025-03-10 07:25:35,19,-0.2063025900354674
arfie.eth,2023-03-10 19:46:23,0.010658823113722318,2026-03-10 13:13:59,19,-0.1492936946203185
kryptofeya.eth,2023-03-10 19:45:47,0.007105882075814879,2025-03-10 07:24:11,19,-0.2063025900354674
janiehtxrealtor.eth,2023-03-10 19:45:35,0.003552941037907439,2024-03-10 01:34:47,19,-0.26331148545061633
jamiryo.eth,2023-03-10 19:44:23,0.017764705189537197,2028-03-10 00:50:23,19,-0.035275903790020616
wheatley.eth,2023-03-10 19:39:59,0.04717844243785879,2024-03-10 01:29:11,19,0.4366837073229857
nicoles.eth,2023-03-10 19:37:35,0.027838860771332248,2025-03-10 07:15:59,19,0.12636946995272677
300gwei.eth,2023-03-10 19:33:59,0.007105882075814879,2025-03-10 07:12:23,19,-0.2063025900354674
applepaycrypto.eth,2023-03-10 19:21:11,0.003552941037907439,2024-03-10 01:10:23,19,-0.26331148545061633
qeinfinity.eth,2023-03-10 19:20:59,0.003552941037907439,2024-03-10 01:10:11,19,-0.26331148545061633
scorchedearthsign.eth,2023-03-10 19:19:47,0.003550582089532886,2024-03-09 19:19:47,19,-0.2633493360762642
carolineshaul.eth,2023-03-10 19:16:11,0.003550582089532886,2024-03-09 19:16:11,19,-0.2633493360762642
totalbunt.eth,2023-03-10 19:15:59,0.05329411556861159,2038-03-10 10:33:59,19,0.5348130503614686
üñïüèæüñïüèæ.eth,2023-03-10 19:14:23,0.03388916778298937,2023-04-25 10:58:02,19,0.2234499776158233
briansasbon.eth,2023-03-10 19:09:47,0.017764705189537197,2028-03-10 00:15:47,19,-0.035275903790020616
apresnail.eth,2023-03-10 19:07:23,0.003552941037907439,2024-03-10 00:56:35,19,-0.26331148545061633
cardulox.eth,2023-03-10 19:04:35,0.003552941037907439,2024-03-10 00:53:47,19,-0.26331148545061633
newageofcrypto.eth,2023-03-10 19:03:23,0.003552941037907439,2024-03-10 00:52:35,19,-0.26331148545061633
majorbones.eth,2023-03-10 19:03:23,0.010658823113722318,2026-03-10 12:30:59,19,-0.1492936946203185
thebankofpepe.eth,2023-03-10 19:02:35,0.010658823113722318,2026-03-10 12:30:11,19,-0.1492936946203185
michellenguyen.eth,2023-03-10 19:00:23,0.017764705189537197,2028-03-10 00:06:23,19,-0.035275903790020616
ghazotep.eth,2023-03-10 18:55:23,0.003556416589458705,2024-03-10 00:44:35,18,-0.2632557183121296
luxurioussbeard.eth,2023-03-10 18:55:23,0.017782082947293526,2028-03-10 00:01:23,18,-0.034997068097587104
mazza.eth,2023-03-10 18:54:35,0.009588326563993343,2024-03-10 00:43:47,18,-0.16647040124017284
potoverhoes.eth,2023-03-10 18:51:59,0.007075356276791689,2025-03-10 06:30:23,18,-0.20679239329012594
marcelosouza.eth,2023-03-10 18:48:59,0.003537678138395844,2024-03-10 00:38:11,18,-0.2635563870779456
michaelcieplak.eth,2023-03-10 18:47:47,0.003537678138395844,2024-03-10 00:36:59,18,-0.2635563870779456
sugninjas.eth,2023-03-10 18:40:59,0.00355761847494816,2024-03-10 00:30:11,18,-0.26323643339762126
alv-alv.eth,2023-03-10 18:39:11,0.00355761847494816,2024-03-10 00:28:23,18,-0.26323643339762126
0xtylerd.eth,2023-03-10 18:34:35,0.07115236949896321,2043-03-10 14:58:35,18,0.8213585684971149
subnord.eth,2023-03-10 18:22:59,0.035576184749481606,2033-03-10 04:34:59,18,0.25051909381567483
evmsoc.eth,2023-03-10 18:21:59,0.00355761847494816,2024-03-10 00:11:11,18,-0.26323643339762126
yagop.eth,2023-03-10 18:21:47,0.007115236949896321,2025-03-10 06:00:11,18,-0.20615248592947724
dpena.eth,2023-03-10 18:09:59,0.010672855424844483,2026-03-10 11:37:35,18,-0.14906853846133322
li0n.eth,2023-03-10 18:09:35,0.1138437911982065,2024-03-09 23:58:47,18,1.5063659381126826
bossbottled.eth,2023-03-10 18:08:23,0.00355761847494816,2024-03-09 23:57:35,18,-0.26323643339762126
slayersgg.eth,2023-03-10 18:02:23,0.014137670028243447,2027-03-10 17:19:11,18,-0.09347368021556061
stealthyacht.eth,2023-03-10 17:54:11,0.07041973142595083,2043-03-10 14:18:11,17,0.8096029871812711
pointrouge.eth,2023-03-10 17:52:59,0.007041973142595083,2025-03-10 05:31:23,17,-0.20732804406106162
absabackendrrr.eth,2023-03-10 17:51:35,0.003520986571297541,2024-03-09 23:40:47,17,-0.2638242124634134
yeruzalabrin.eth,2023-03-10 17:51:23,0.003520986571297541,2024-03-09 23:40:35,17,-0.2638242124634134
themarinabay.eth,2023-03-10 17:51:11,0.07041973142595083,2043-03-10 14:15:11,17,0.8096029871812711
glassyheel.eth,2023-03-10 17:49:35,0.003520986571297541,2024-03-09 23:38:47,17,-0.2638242124634134
themarinadistrict.eth,2023-03-10 17:48:59,0.07041973142595083,2043-03-10 14:12:59,17,0.8096029871812711
thedarkness.eth,2023-03-10 17:48:59,0.020679634316922723,2024-03-09 23:38:11,17,0.01149573919327113
ocmbtc.eth,2023-03-10 17:46:11,0.014083946285190168,2027-03-10 17:02:59,17,-0.09433570725635794
chekanta.eth,2023-03-10 17:45:47,0.010509487794991995,2026-03-10 11:13:23,17,-0.15168986204230842
pawsquared.eth,2023-03-10 17:40:59,0.003503162598330665,2024-03-09 23:30:11,17,-0.264110207924613
callmeg.eth,2023-03-10 17:39:23,0.014012650393322664,2027-03-10 16:56:11,17,-0.09547968910115606
woodruff.eth,2023-03-10 17:39:11,0.07217974781622728,2028-03-09 22:45:11,17,0.8378434193335911
masoncrowe.eth,2023-03-10 17:26:59,0.14305077171068814,2026-03-10 10:54:35,17,1.9750080235465068
haniazzam.eth,2023-03-10 17:25:23,0.007056373905667875,2025-03-10 05:03:47,17,-0.20709697588763684
jlunce.eth,2023-03-10 17:21:59,0.010584560858501813,2026-03-10 10:49:35,17,-0.15048527339857265
jjumbo.eth,2023-03-10 17:16:35,0.003547197389446158,2024-03-09 23:05:47,17,-0.2634036454529741
blakestenstrom.eth,2023-03-10 17:13:11,0.01764068597091151,2028-03-09 22:19:11,17,-0.037265860445272164
bluropensea.eth,2023-03-10 17:06:11,0.003528137194182302,2024-03-09 22:55:23,17,-0.2637094767816666
peterpano.eth,2023-03-10 17:05:59,0.003528137194182302,2024-03-09 22:55:11,17,-0.2637094767816666
ki-art.eth,2023-03-10 17:05:23,0.007056274388364605,2025-03-10 04:43:47,17,-0.20709857269756798
renderinprogress.eth,2023-03-10 17:04:35,0.010584411582546908,2026-03-10 10:32:11,17,-0.15048766861346938
eterart.eth,2023-03-10 17:02:59,0.003528137194182302,2024-03-09 22:52:11,17,-0.2637094767816666
larrylegend.eth,2023-03-10 16:59:11,0.01764068597091151,2028-03-09 22:05:11,16,-0.037265860445272164
opesanmi.eth,2023-03-10 16:58:35,0.003528137194182302,2024-03-09 22:47:47,16,-0.2637094767816666
hololux.eth,2023-03-10 16:54:59,0.010587070817749346,2026-03-10 10:22:35,16,-0.15044499972031225
johnshark.eth,2023-03-10 16:54:11,0.003547863586695123,2024-03-09 22:43:23,16,-0.2633929559512664
forcethehabit.eth,2023-03-10 16:53:59,0.010643590760085368,2026-03-10 10:21:35,16,-0.14953810612226867
mscarnivore.eth,2023-03-10 16:49:59,0.010643590760085368,2026-03-10 10:17:35,16,-0.14953810612226867
caitpoli.eth,2023-03-10 16:48:59,0.010643590760085368,2026-03-10 10:16:35,16,-0.14953810612226867
2034fifaworldcup.eth,2023-03-10 16:47:35,0.024835045106865863,2030-03-10 09:31:59,16,0.07817159353572685
boogereatersclub.eth,2023-03-10 16:46:47,0.003547863586695123,2024-03-09 22:35:59,16,-0.2633929559512664
notsiliconvalleybank.eth,2023-03-10 16:43:23,0.003547863586695123,2024-03-09 22:32:35,16,-0.2633929559512664
fashionarchive.eth,2023-03-10 16:42:11,0.001773931793347561,2023-09-09 07:36:47,16,-0.2918566684085158
kyllikimargna.eth,2023-03-10 16:41:35,0.003547863586695123,2024-03-09 22:30:47,16,-0.2633929559512664
deboxüëÆ.eth,2023-03-10 16:40:35,0.007095727173390246,2025-03-10 04:18:59,16,-0.2064655310367675
red-wings.eth,2023-03-10 16:39:59,0.003547863586695123,2024-03-09 22:29:11,16,-0.2633929559512664
jeddyx.eth,2023-03-10 16:39:23,0.010643590760085368,2026-03-10 10:06:59,16,-0.14953810612226867
paulmccollum.eth,2023-03-10 16:38:59,0.007095727173390246,2025-03-10 04:17:23,16,-0.2064655310367675
0xnode.eth,2023-03-10 16:33:11,0.029969864842367768,2024-03-09 22:22:23,16,0.16056260373084086
567567.eth,2023-03-10 16:32:11,0.09136100548652154,2024-03-10 16:32:11,16,1.1456172610016373
678678.eth,2023-03-10 16:32:11,0.11118229420368596,2024-03-10 16:32:10,16,1.463660753256106
toqn.eth,2023-03-10 16:30:23,0.11427022766408845,2024-03-09 22:19:35,16,1.5132083460291923
metacook.eth,2023-03-10 16:29:47,0.003570944614506987,2024-03-09 22:18:59,16,-0.2630226081502301
metamillions.eth,2023-03-10 16:20:23,0.015450562133832372,2024-03-09 22:09:35,16,-0.0724076034244367
h1bernation.eth,2023-03-10 16:14:47,0.003550722519475417,2024-03-09 22:03:59,16,-0.2633470828005071
pure-x.eth,2023-03-10 16:09:59,0.017753612597377087,2028-03-09 21:15:59,16,-0.035453890539474536
bournebollinger.eth,2023-03-10 16:09:11,0.035507225194754174,2033-03-10 02:21:11,16,0.24941259978681618
guroyalties.eth,2023-03-10 16:04:23,0.003550722519475417,2024-03-09 21:53:35,16,-0.2633470828005071
p-dex.eth,2023-03-10 15:51:23,0.017967700863363068,2028-03-09 20:57:23,15,-0.03201872642192035
sargeant.eth,2023-03-10 15:48:59,0.014446128309381356,2027-03-10 15:05:47,15,-0.08852429723911681
blatantspace.eth,2023-03-10 15:44:47,0.00718094427433944,2025-03-10 03:23:11,15,-0.205098175726403
reddevilsunited.eth,2023-03-10 15:43:11,0.003568452627769734,2024-03-09 21:32:23,15,-0.26306259344966626
darylp.eth,2023-03-10 15:39:23,0.007100149011576183,2025-03-10 03:17:47,15,-0.2063945802081455
zzbordas.eth,2023-03-10 15:37:47,0.003550074505788091,2024-03-09 21:26:59,15,-0.26335748053695535
tetherdump.eth,2023-03-10 15:37:23,0.003550074505788091,2024-03-09 21:26:35,15,-0.26335748053695535
moonfragment.eth,2023-03-10 15:34:11,0.003550074505788091,2024-03-09 21:23:23,15,-0.26335748053695535
planarfinance.eth,2023-03-10 15:32:11,0.007100149011576183,2025-03-10 03:10:35,15,-0.2063945802081455
pandaz.eth,2023-03-10 15:29:23,0.003550074505788091,2024-03-09 21:18:35,15,-0.26335748053695535
ok360.eth,2023-03-10 15:25:35,0.003570024070683281,2024-03-09 21:14:47,15,-0.263037378782788
justebecause.eth,2023-03-10 15:24:47,0.010710072212049844,2026-03-10 08:52:23,15,-0.14847137461683332
opensourcehuman.eth,2023-03-10 15:15:35,0.003570024070683281,2024-03-09 21:04:47,15,-0.263037378782788
gabeblee.eth,2023-03-10 15:14:23,0.01062503383839717,2026-03-10 08:41:59,15,-0.14983586214930722
gem-xr.eth,2023-03-10 15:13:59,0.00354167794613239,2024-03-09 21:03:11,15,-0.2634922079602792
lexica.eth,2023-03-10 15:13:59,0.07055420531270291,2024-03-09 21:03:11,15,0.8117606947435765
worldvantage.eth,2023-03-10 15:08:59,0.017708389730661953,2028-03-09 20:14:59,15,-0.03617951633833518
negentropy.eth,2023-03-10 15:07:59,0.01062503383839717,2026-03-10 08:35:35,15,-0.14983586214930722
marczellk.eth,2023-03-10 15:06:47,0.00702987697716075,2025-03-09 15:06:47,15,-0.20752213369632797
envisics.eth,2023-03-10 15:02:35,0.003517273755932377,2024-03-09 20:51:47,15,-0.2638837866304458
quaza.eth,2023-03-10 15:01:59,0.001758636877966188,2023-09-09 05:56:35,15,-0.29210208374810553
ulpix.eth,2023-03-10 15:01:59,0.001758636877966188,2023-09-09 05:56:35,15,-0.29210208374810553
onyta.eth,2023-03-10 15:01:59,0.001758636877966188,2023-09-09 05:56:35,15,-0.29210208374810553
ayisha.eth,2023-03-10 14:57:23,0.021006517414702972,2028-03-09 20:03:23,14,0.016740758498547767
shopy.eth,2023-03-10 14:56:47,0.010495074455550283,2026-03-10 08:24:23,14,-0.15192113201049778
moodisart.eth,2023-03-10 14:55:23,0.003498358151850094,2024-03-09 20:44:35,14,-0.2641872979140094
mrblockcraft.eth,2023-03-10 14:54:11,0.003493800964236664,2024-03-09 20:43:23,14,-0.2642604204987271
2023dw.eth,2023-03-10 14:49:47,0.006987601928473328,2025-03-10 02:28:11,14,-0.20820046013168894
threewww.eth,2023-03-10 14:48:11,0.003516868049045313,2024-03-09 20:37:23,14,-0.2638902964208552
artificiality.eth,2023-03-10 14:46:23,0.003516868049045313,2024-03-09 20:35:35,14,-0.2638902964208552
britbrat.eth,2023-03-10 14:46:23,0.003516868049045313,2024-03-09 20:35:35,14,-0.2638902964208552
pom779.eth,2023-03-10 14:44:59,0.007033736098090627,2025-03-10 02:23:23,14,-0.20746021197594516
rappiapp.eth,2023-03-10 14:43:35,0.007074833028582871,2025-03-10 02:21:59,14,-0.20680078909576818
„Ç∂„Éº„Éâ„É≥.eth,2023-03-10 14:43:11,0.01886622140953201,2023-05-10 11:41:23,14,-0.017601469479464373
crypt087.eth,2023-03-10 14:41:59,0.01778797386146607,2028-03-09 19:47:59,14,-0.0349025451357988
kyletoons.eth,2023-03-10 14:41:59,0.007115189544586428,2025-03-10 02:20:23,14,-0.20615324657377868
kyletoonsstudios.eth,2023-03-10 14:38:35,0.007115189544586428,2025-03-10 02:16:59,14,-0.20615324657377868
tiefling.eth,2023-03-10 14:37:35,0.016294631764907037,2024-03-09 20:26:47,14,-0.05886404139860029
likeai.eth,2023-03-10 14:36:59,0.003557594772293214,2024-03-09 20:26:11,14,-0.263236813719772
billai.eth,2023-03-10 14:36:59,0.003557594772293214,2024-03-09 20:26:11,14,-0.263236813719772
vxcozy.eth,2023-03-10 14:35:35,0.01778797386146607,2028-03-09 19:41:35,14,-0.0349025451357988
ktsstudios.eth,2023-03-10 14:34:11,0.007115189544586428,2025-03-10 02:12:35,14,-0.20615324657377868
machililbrother.eth,2023-03-10 14:31:47,0.003557594772293214,2024-03-09 20:20:59,14,-0.263236813719772
handypaw.eth,2023-03-10 14:31:35,0.003557594772293214,2024-03-09 20:20:47,14,-0.263236813719772
üå∏üå∏üå∏üå∏.eth,2023-03-10 14:31:11,0.008727365834947877,2023-04-07 14:31:11,14,-0.18028499023419992
krpnt.eth,2023-03-10 14:29:47,0.007164086791721275,2025-03-10 02:08:11,14,-0.20536866331775003
docentdoit.eth,2023-03-10 14:28:59,0.003582043395860637,2024-03-09 20:18:11,14,-0.2628445220917577
ivashura.eth,2023-03-10 14:25:35,0.003582043395860637,2024-03-09 20:14:47,14,-0.2628445220917577
newstrading.eth,2023-03-10 14:24:59,0.003582043395860637,2024-03-09 20:14:11,14,-0.2628445220917577
arianaraghi.eth,2023-03-10 14:20:23,0.035820433958606374,2033-03-10 00:32:23,14,0.2544382068743108
nextail.eth,2023-03-10 14:19:47,0.003582043395860637,2024-03-09 20:08:59,14,-0.2628445220917577
les3vallees.eth,2023-03-10 14:19:47,0.003582043395860637,2024-03-09 20:08:59,14,-0.2628445220917577
cyberplague.eth,2023-03-10 14:15:47,0.003582043395860637,2024-03-09 20:04:59,14,-0.2628445220917577
omerfarukkuranli.eth,2023-03-10 14:15:47,0.003582043395860637,2024-03-09 20:04:59,14,-0.2628445220917577
alibabadigital.eth,2023-03-10 14:14:47,0.01432817358344255,2027-03-10 13:31:35,14,-0.09041694576973482
renderinginprogress.eth,2023-03-10 14:14:23,0.010746130187581911,2026-03-10 07:41:59,14,-0.14789280454374246
billdipperli.eth,2023-03-10 14:11:59,0.01432817358344255,2027-03-10 13:28:47,14,-0.09041694576973482
benatky.eth,2023-03-10 14:09:11,0.007164086791721275,2025-03-10 01:47:35,14,-0.20536866331775003
spyder0x.eth,2023-03-10 14:07:59,0.003582043395860637,2024-03-09 19:57:11,14,-0.2628445220917577
stonedhedge.eth,2023-03-10 14:07:59,0.01432817358344255,2027-03-10 13:24:47,14,-0.09041694576973482
auralock.eth,2023-03-10 14:04:23,0.003582043395860637,2024-03-09 19:53:35,14,-0.2628445220917577
osiander.eth,2023-03-10 14:03:35,0.007164086791721275,2025-03-10 01:41:59,14,-0.20536866331775003
mayersche.eth,2023-03-10 14:01:23,0.007164086791721275,2025-03-10 01:39:47,14,-0.20536866331775003
cerartis.eth,2023-03-10 14:01:11,0.017910216979303187,2028-03-09 19:07:11,14,-0.03294108699572723
stoneaaa.eth,2023-03-10 14:00:59,0.007164086791721275,2025-03-10 01:39:23,14,-0.20536866331775003
mistercreep.eth,2023-03-10 13:57:35,0.003582043395860637,2024-03-09 19:46:47,13,-0.2628445220917577
mrcreep.eth,2023-03-10 13:57:23,0.003582043395860637,2024-03-09 19:46:35,13,-0.2628445220917577
botsbits.eth,2023-03-10 13:45:35,0.003584464973941231,2024-03-09 19:34:47,13,-0.2628056665379887
oniox.eth,2023-03-10 13:42:35,0.007168929947882462,2025-03-10 01:20:59,13,-0.20529095221021224
sol7hv781.eth,2023-03-10 13:41:35,0.003584464973941231,2024-03-09 19:30:47,13,-0.2628056665379887
musktown.eth,2023-03-10 13:40:35,0.00027479008951684,2023-04-07 13:40:35,13,-0.3159112225636024
popi671.eth,2023-03-10 13:40:23,0.010753394921823693,2026-03-10 07:07:59,13,-0.1477762378824357
zksnacc.eth,2023-03-10 13:40:11,0.003584464973941231,2024-03-09 19:29:23,13,-0.2628056665379887
glennbrown.eth,2023-03-10 13:38:47,0.003584464973941231,2024-03-09 19:27:59,13,-0.2628056665379887
fuzzlabz.eth,2023-03-10 13:37:59,0.035844649739412315,2033-03-09 23:49:59,13,0.254826762412
ellifromsea.eth,2023-03-10 13:36:59,0.035844649739412315,2033-03-09 23:48:59,13,0.254826762412
nwoburn.eth,2023-03-10 13:35:59,0.003584464973941231,2024-03-09 19:25:11,13,-0.2628056665379887
crowed.eth,2023-03-10 13:32:23,0.02521198419492941,2024-03-09 19:21:35,13,0.0842197887689223
icarus66.eth,2023-03-10 13:31:35,0.010753394921823693,2026-03-10 06:59:11,13,-0.1477762378824357
phantomrebel.eth,2023-03-10 13:31:23,0.003584464973941231,2024-03-09 19:20:35,13,-0.2628056665379887
defipunter.eth,2023-03-10 13:25:11,0.010822339681496332,2026-03-10 06:52:47,13,-0.14666998124837827
kaidenosiris.eth,2023-03-10 13:24:35,0.007214893120997554,2025-03-10 01:02:59,13,-0.20455344778750728
barhoune.eth,2023-03-10 13:22:59,0.003607446560498777,2024-03-09 19:12:11,13,-0.2624369143266363
94l77.eth,2023-03-10 13:22:59,0.003607446560498777,2024-03-09 19:12:11,13,-0.2624369143266363
drifters.eth,2023-03-10 13:22:59,0.0335931474518022,2025-03-10 01:01:23,13,0.21870016839541848
digitizeassets.eth,2023-03-10 13:21:35,0.003607446560498777,2024-03-09 19:10:47,13,-0.2624369143266363
elonland.eth,2023-03-10 13:19:35,0.007214893120997554,2025-03-10 00:57:59,13,-0.20455344778750728
hapiestate.eth,2023-03-10 13:18:47,0.007214893120997554,2025-03-10 00:57:11,13,-0.20455344778750728
theethsmokers.eth,2023-03-10 13:14:47,0.003607446560498777,2024-03-09 19:03:59,13,-0.2624369143266363
luckybamboo.eth,2023-03-10 13:14:23,0.010822339681496332,2026-03-10 06:41:59,13,-0.14666998124837827
saleforces.eth,2023-03-10 13:13:35,0.003607446560498777,2024-03-09 19:02:47,13,-0.2624369143266363
brendabra.eth,2023-03-10 13:13:23,0.003607446560498777,2024-03-09 19:02:35,13,-0.2624369143266363
sigdeployer.eth,2023-03-10 13:11:11,0.003607446560498777,2024-03-09 19:00:23,13,-0.2624369143266363
banditsarmory.eth,2023-03-10 13:07:35,0.003607446560498777,2024-03-09 18:56:47,13,-0.2624369143266363
openswamp.eth,2023-03-10 13:06:47,0.003607446560498777,2024-03-09 18:55:59,13,-0.2624369143266363
danugaga.eth,2023-03-10 13:01:11,0.007214893120997554,2025-03-10 00:39:35,13,-0.20455344778750728
sooperpra.eth,2023-03-10 13:00:35,0.007214893120997554,2025-03-10 00:38:59,13,-0.20455344778750728
pawscannerdev.eth,2023-03-10 13:00:11,0.003607446560498777,2024-03-09 18:49:23,13,-0.2624369143266363
cryptoeconomicforum.eth,2023-03-10 12:58:11,0.003607446560498777,2024-03-09 18:47:23,12,-0.2624369143266363
dogepad.eth,2023-03-10 12:57:47,0.003607446560498777,2024-03-09 18:46:59,12,-0.2624369143266363
tweeties.eth,2023-03-10 12:54:35,0.003624226950163296,2024-03-09 18:43:47,12,-0.26216766373418243
ulyss.eth,2023-03-10 12:52:59,0.018121134750816482,2028-03-09 17:58:59,12,-0.02955679520785124
cryptoisfuture.eth,2023-03-10 12:52:47,0.003624226950163296,2024-03-09 18:41:59,12,-0.26216766373418243
ethereumisfuture.eth,2023-03-10 12:52:35,0.003624226950163296,2024-03-09 18:41:47,12,-0.26216766373418243
bitcoinisthefuture.eth,2023-03-10 12:49:11,0.003624226950163296,2024-03-09 18:38:23,12,-0.26216766373418243
arcagna.eth,2023-03-10 12:48:11,0.036242269501632965,2033-03-09 23:00:11,12,0.2612067904500628
pierrepetit.eth,2023-03-10 12:46:47,0.018121134750816482,2028-03-09 17:52:47,12,-0.02955679520785124
gabecooney.eth,2023-03-10 12:46:11,0.01087268085048989,2026-03-10 06:13:47,12,-0.14586222947101685
pumatronix.eth,2023-03-10 12:45:11,0.018121134750816482,2028-03-09 17:51:11,12,-0.02955679520785124
motts.eth,2023-03-10 12:44:11,0.017177731543845172,2024-03-09 18:33:23,12,-0.04469421915795977
pawscanner.eth,2023-03-10 12:42:59,0.003624226950163296,2024-03-09 18:32:11,12,-0.26216766373418243
jobsdao.eth,2023-03-10 12:41:11,0.003796699096316084,2023-07-10 04:41:11,12,-0.2594002531756775
fyifi.eth,2023-03-10 12:41:11,0.003624226950163296,2024-03-09 18:30:23,12,-0.26216766373418243
wizarddao.eth,2023-03-10 12:39:35,0.004201016099480695,2023-07-10 04:39:35,12,-0.2529127642187673
dexbotdev.eth,2023-03-10 12:38:47,0.003624226950163296,2024-03-09 18:27:59,12,-0.26216766373418243
sportv.eth,2023-03-10 12:35:47,0.066594119053367,2025-03-10 00:14:11,12,0.7482189300520874
friskybiskit.eth,2023-03-10 12:34:35,0.007248453900326593,2025-03-10 00:12:59,12,-0.20401494660259964
guyfi.eth,2023-03-10 12:32:59,0.003624226950163296,2024-03-09 18:22:11,12,-0.26216766373418243
lahanasarmasi.eth,2023-03-10 12:32:59,0.003624226950163296,2024-03-09 18:22:11,12,-0.26216766373418243
0xpeony.eth,2023-03-10 12:32:23,0.007248453900326593,2025-03-10 00:10:47,12,-0.20401494660259964
crowdedly.eth,2023-03-10 12:29:59,0.007248453900326593,2025-03-10 00:08:23,12,-0.20401494660259964
budlightüçª.eth,2023-03-10 12:29:47,0.003624226950163296,2024-03-09 18:18:59,12,-0.26216766373418243
sharbiogüíï.eth,2023-03-10 12:29:35,0.003624226950163296,2024-03-09 18:18:47,12,-0.26216766373418243
burnerüì±.eth,2023-03-10 12:26:11,0.003624226950163296,2024-03-09 18:15:23,12,-0.26216766373418243
bruhh.eth,2023-03-10 12:25:23,0.03169008387574016,2024-03-09 12:25:23,12,0.1881644653768292
magnamed.eth,2023-03-10 12:24:59,0.018121134750816482,2028-03-09 17:30:59,12,-0.02955679520785124
fudbundy.eth,2023-03-10 12:22:11,0.003624226950163296,2024-03-09 18:11:23,12,-0.26216766373418243
thegoodhacker.eth,2023-03-10 12:14:59,0.007248453900326593,2025-03-09 23:53:23,12,-0.20401494660259964
roxycrypto.eth,2023-03-10 12:14:23,0.007248453900326593,2025-03-09 23:52:47,12,-0.20401494660259964
kweninlondon.eth,2023-03-10 12:13:47,0.018121134750816482,2028-03-09 17:19:47,12,-0.02955679520785124
camillelouise-jewellery.eth,2023-03-10 12:08:59,0.003624226950163296,2024-03-09 17:58:11,12,-0.26216766373418243
abunmw.eth,2023-03-10 12:06:47,0.09060567375408242,2048-03-09 13:36:47,12,1.133497547423805
aya83.eth,2023-03-10 11:55:47,0.003622760388836133,2024-03-09 17:44:59,11,-0.2621911955182532
abunengine.eth,2023-03-10 11:50:59,0.2914416550836823,2103-03-10 21:26:59,11,4.356021460165484
minakitkat.eth,2023-03-10 11:46:11,0.03643020688546029,2033-03-09 21:58:11,11,0.26422234926314087
leitloff.eth,2023-03-10 11:37:23,0.036098188531628446,2033-03-09 21:49:23,11,0.2588949319467372
royleee.eth,2023-03-10 11:37:23,0.010829456559488535,2026-03-10 05:04:59,11,-0.14655578702201452
thebestai.eth,2023-03-10 11:34:11,0.003609818853162844,2024-03-09 17:23:23,11,-0.26239884958451504
punk1917.eth,2023-03-10 11:33:23,0.003609818853162844,2024-03-09 17:22:35,11,-0.26239884958451504
killa007.eth,2023-03-10 11:27:11,0.003591256415154548,2024-03-09 17:16:23,11,-0.2626966941239472
raritysniffer.eth,2023-03-10 11:26:59,0.04382727600317099,2025-03-09 23:05:23,11,0.3829123965256655
wareeya.eth,2023-03-10 11:20:47,0.007182512830309096,2025-03-09 22:59:11,11,-0.2050730073821291
clarencel.eth,2023-03-10 11:19:11,0.010773769245463643,2026-03-10 04:46:47,11,-0.14744932064031102
openaigpt4.eth,2023-03-10 11:18:47,0.010773769245463643,2026-03-10 04:46:23,11,-0.14744932064031102
üåõüåõüåõüåõ.eth,2023-03-10 11:17:59,0.017324102990161894,2023-04-08 16:33:55,11,-0.04234560870093155
harper211.eth,2023-03-10 11:14:11,0.007146365805903947,2025-03-09 22:52:35,11,-0.2056530062934242
magike.eth,2023-03-10 11:12:59,0.014292731611807896,2027-03-10 10:29:47,11,-0.0909856317210831
sweepers.eth,2023-03-10 11:10:47,0.09961397195410142,2024-03-09 16:59:59,11,1.278040652551106
dentalspeedgraph.eth,2023-03-10 11:10:23,0.017865914514759867,2028-03-09 16:16:23,11,-0.033651944434912595
ventrue.eth,2023-03-10 11:08:59,0.01071954870885592,2026-03-10 04:36:35,11,-0.14831931900725365
goodgamenutrition.eth,2023-03-10 11:08:23,0.003573182902951973,2024-03-09 16:57:35,11,-0.2629866935795947
chainboard.eth,2023-03-10 11:06:59,0.03573182902951974,2033-03-09 21:18:59,11,0.2530164919959402
wadam.eth,2023-03-10 11:05:11,0.03573182902951974,2033-03-09 21:17:11,11,0.2530164919959402
ercgpt-4.eth,2023-03-10 11:05:11,0.003573182902951973,2024-03-09 16:54:23,11,-0.2629866935795947
christianwessel.eth,2023-03-10 11:05:11,0.003573182902951973,2024-03-09 16:54:23,11,-0.2629866935795947
alirrig.eth,2023-03-10 11:04:11,0.007146365805903947,2025-03-09 22:42:35,11,-0.2056530062934242
machibiqbrother.eth,2023-03-10 11:02:59,0.003573182902951973,2024-03-09 16:52:11,11,-0.2629866935795947
calubo.eth,2023-03-10 11:02:35,0.003573182902951973,2024-03-09 16:51:47,11,-0.2629866935795947
openavatars.eth,2023-03-10 11:02:23,0.017865914514759867,2028-03-09 16:08:23,11,-0.033651944434912595
mankeung.eth,2023-03-10 11:00:35,0.007146365805903947,2025-03-09 22:38:59,11,-0.2056530062934242
ewoks.eth,2023-03-10 10:58:59,0.028247738721508573,2024-03-09 16:48:11,10,0.1329301418159703
ownthesound.eth,2023-03-10 10:58:47,0.01071954870885592,2026-03-10 04:26:23,10,-0.14831931900725365
eurofral.eth,2023-03-10 10:58:35,0.017865914514759867,2028-03-09 16:04:35,10,-0.033651944434912595
walletology.eth,2023-03-10 10:57:47,0.003573182902951973,2024-03-09 16:46:59,10,-0.2629866935795947
anomalynetwork.eth,2023-03-10 10:57:23,0.017865914514759867,2028-03-09 16:03:23,10,-0.033651944434912595
plasbil.eth,2023-03-10 10:55:11,0.01785368889436905,2028-03-09 16:01:11,10,-0.03384811124624135
wilta.eth,2023-03-10 10:53:59,0.00357073777887381,2024-03-09 16:43:11,10,-0.2630259269418605
numericarchetypes.eth,2023-03-10 10:53:23,0.00357073777887381,2024-03-09 16:42:35,10,-0.2630259269418605
mferlad.eth,2023-03-10 10:51:11,0.00357073777887381,2024-03-09 16:40:23,10,-0.2630259269418605
070323.eth,2023-03-10 10:51:11,0.00357073777887381,2024-03-09 16:40:23,10,-0.2630259269418605
bbangsaz.eth,2023-03-10 10:49:59,0.007141475557747621,2025-03-09 22:28:23,10,-0.2057314730179557
baracos.eth,2023-03-10 10:49:23,0.01785368889436905,2028-03-09 15:55:23,10,-0.03384811124624135
slotace.eth,2023-03-10 10:49:23,0.00357073777887381,2024-03-09 16:38:35,10,-0.2630259269418605
lukasmueller.eth,2023-03-10 10:49:23,0.00357073777887381,2024-03-09 16:38:35,10,-0.2630259269418605
manumanzo.eth,2023-03-10 10:47:47,0.00357073777887381,2024-03-09 16:36:59,10,-0.2630259269418605
snowboardhinio.eth,2023-03-10 10:46:35,0.007141475557747621,2025-03-09 22:24:59,10,-0.2057314730179557
openavatardao.eth,2023-03-10 10:45:11,0.014282951115495242,2027-03-10 10:01:59,10,-0.0911425651701461
olli-p-klassensprecher-der-1b.eth,2023-03-10 10:44:35,0.01785368889436905,2028-03-09 15:50:35,10,-0.03384811124624135
actofexpression.eth,2023-03-10 10:44:11,0.00357073777887381,2024-03-09 16:33:23,10,-0.2630259269418605
ü¶âwise.eth,2023-03-10 10:35:23,0.001775814528519743,2023-09-09 01:29:59,10,-0.29182645888593156
üßäinüßäice.eth,2023-03-10 10:35:11,0.01065488717111846,2026-03-10 04:02:47,10,-0.14935684898676288
timoleon.eth,2023-03-10 10:34:59,0.014206516228157948,2027-03-10 09:51:47,10,-0.0923690050270954
metamilfs.eth,2023-03-10 10:32:11,0.003551629057039486,2024-03-09 16:21:23,10,-0.2633325369060978
dadyatolya.eth,2023-03-10 10:30:59,0.003551629057039486,2024-03-09 16:20:11,10,-0.2633325369060978
simonchik.eth,2023-03-10 10:30:35,0.01065488717111846,2026-03-10 03:58:11,10,-0.14935684898676288
saudidowntown.eth,2023-03-10 10:30:11,0.002071783616606367,2023-10-09 11:53:53,10,-0.28707747188929256
byefi.eth,2023-03-10 10:28:47,0.003551629057039486,2024-03-09 16:17:59,10,-0.2633325369060978
juntaeklee.eth,2023-03-10 10:25:47,0.003551629057039486,2024-03-09 16:14:59,10,-0.2633325369060978
usepns.eth,2023-03-10 10:25:35,0.003551629057039486,2024-03-09 16:14:47,10,-0.2633325369060978
councildogs.eth,2023-03-10 10:25:11,0.003551629057039486,2024-03-09 16:14:23,10,-0.2633325369060978
euuuler-vault.eth,2023-03-10 10:24:59,0.003551629057039486,2024-03-09 16:14:11,10,-0.2633325369060978
bityoo.eth,2023-03-10 10:23:59,0.03551629057039487,2033-03-09 20:35:59,10,0.2495580587309094
üë®üèø‚Äçüçºüë®üèø‚Äçüçº.eth,2023-03-10 10:23:23,0.001183876352346495,2023-07-10 04:19:47,10,-0.3013244328792094
otheritaly.eth,2023-03-10 10:22:59,0.007103258114078973,2025-03-09 22:01:23,10,-0.20634469294643035
councildaochad.eth,2023-03-10 10:21:23,0.003551629057039486,2024-03-09 16:10:35,10,-0.2633325369060978
veilchen.eth,2023-03-10 10:18:47,0.01065488717111846,2026-03-10 03:46:23,10,-0.14935684898676288
unjerry.eth,2023-03-10 10:18:11,0.01065488717111846,2026-03-10 03:45:47,10,-0.14935684898676288
orxan070.eth,2023-03-10 10:15:11,0.01065488717111846,2026-03-10 03:42:47,10,-0.14935684898676288
bridgethewaldragon.eth,2023-03-10 10:14:59,0.003551629057039486,2024-03-09 16:04:11,10,-0.2633325369060978
simonsmeier.eth,2023-03-10 10:14:59,0.003551629057039486,2024-03-09 16:04:11,10,-0.2633325369060978
smashverserentals.eth,2023-03-10 10:14:35,0.007103258114078973,2025-03-09 21:52:59,10,-0.20634469294643035
ordinaltoonz.eth,2023-03-10 10:11:47,0.003551629057039486,2024-03-09 16:00:59,10,-0.2633325369060978
ü¶âlearn.eth,2023-03-10 10:11:11,0.001775814528519743,2023-09-09 01:05:47,10,-0.29182645888593156
promptengineers.eth,2023-03-10 10:09:47,0.003551629057039486,2024-03-09 15:58:59,10,-0.2633325369060978
iamfairy.eth,2023-03-10 10:09:11,0.003551629057039486,2024-03-09 15:58:23,10,-0.2633325369060978
steadystacktitansofficial.eth,2023-03-10 10:08:23,0.003551629057039486,2024-03-09 15:57:35,10,-0.2633325369060978
venturecheta.eth,2023-03-10 10:07:47,0.007103258114078973,2025-03-09 21:46:11,10,-0.20634469294643035
rentmytitans.eth,2023-03-10 10:04:23,0.007103258114078973,2025-03-09 21:42:47,10,-0.20634469294643035
happyears.eth,2023-03-10 10:03:59,0.01065488717111846,2026-03-10 03:31:35,10,-0.14935684898676288
gurus.eth,2023-03-10 10:03:47,0.1423465115358509,2027-03-10 09:20:35,10,1.963707781233452
leovigna.eth,2023-03-10 10:03:23,0.017758145285197435,2028-03-09 15:09:23,10,-0.03538116106742794
lotko.eth,2023-03-10 10:00:47,0.003551629057039486,2024-03-09 15:49:59,10,-0.2633325369060978
kajot-casino.eth,2023-03-10 09:59:59,0.003551629057039486,2024-03-09 15:49:11,9,-0.2633325369060978
spartan1.eth,2023-03-10 09:59:23,0.014206516228157948,2027-03-10 09:16:11,9,-0.0923690050270954
tradingsecrets.eth,2023-03-10 09:58:47,0.03551629057039487,2033-03-09 20:10:47,9,0.2495580587309094
rentmymansions.eth,2023-03-10 09:58:35,0.007103258114078973,2025-03-09 21:36:59,9,-0.20634469294643035
sxptm.eth,2023-03-10 09:58:35,0.003551629057039486,2024-03-09 15:47:47,9,-0.2633325369060978
offthevine.eth,2023-03-10 09:56:11,0.03551629057039487,2033-03-09 20:08:11,9,0.2495580587309094
reior.eth,2023-03-10 09:55:11,0.003562690936636552,2024-03-09 15:44:23,9,-0.26315504295663006
xhl20.eth,2023-03-10 09:54:35,0.003562690936636552,2024-03-09 15:43:47,9,-0.26315504295663006
rentmymansion.eth,2023-03-10 09:53:47,0.007125381873273105,2025-03-09 21:32:11,9,-0.20598970504749492
rrrik.eth,2023-03-10 09:52:23,0.003562690936636552,2024-03-09 15:41:35,9,-0.26315504295663006
windsorsalt.eth,2023-03-10 09:52:23,0.035626909366365526,2033-03-09 20:04:23,9,0.25133299822558647
punmiya.eth,2023-03-10 09:50:59,0.007125381873273105,2025-03-09 21:29:23,9,-0.20598970504749492
thalerdao.eth,2023-03-10 09:48:59,0.035626909366365526,2033-03-09 20:00:59,9,0.25133299822558647
szasstam.eth,2023-03-10 09:47:47,0.000273120861416246,2023-04-07 09:47:47,9,-0.3159380062476532
lawfulneutral.eth,2023-03-10 09:47:47,0.001183876352346495,2023-08-07 03:44:11,9,-0.3013244328792094
themberchaud.eth,2023-03-10 09:47:47,0.000273120861416246,2023-04-07 09:47:47,9,-0.3159380062476532
kaisam.eth,2023-03-10 09:43:35,0.007085605864711018,2025-03-09 21:21:59,9,-0.2066279330079239
wonderstudio.eth,2023-03-10 09:42:47,0.003542802932355509,2024-03-09 15:31:59,9,-0.26347415693684456
ordimusüïπ.eth,2023-03-10 09:37:11,0.003542802932355509,2024-03-09 15:26:23,9,-0.26347415693684456
imlorrix343.eth,2023-03-10 09:36:23,0.003542802932355509,2024-03-09 15:25:35,9,-0.26347415693684456
0xbds.eth,2023-03-10 09:34:47,0.014171211729422036,2027-03-10 08:51:35,9,-0.09293548515008254
myoneensaddress.eth,2023-03-10 09:33:47,0.003542802932355509,2024-03-09 15:22:59,9,-0.26347415693684456
yashpoojari.eth,2023-03-10 09:31:11,0.017714014661777543,2028-03-09 14:37:11,9,-0.0360892612211619
futureofmusic.eth,2023-03-10 09:30:11,0.024799620526488562,2030-03-10 02:14:35,9,0.07760318663667949
taurus88.eth,2023-03-10 09:29:59,0.003542802932355509,2024-03-09 15:19:11,9,-0.26347415693684456
nishafoo.eth,2023-03-10 09:29:11,0.010628408797066528,2026-03-10 02:56:47,9,-0.1497817090790032
airvpn.eth,2023-03-10 09:28:35,0.003542802932355509,2024-03-09 15:17:47,9,-0.26347415693684456
tiokay.eth,2023-03-10 09:25:59,0.007085605864711018,2025-03-09 21:04:23,9,-0.2066279330079239
lariking.eth,2023-03-10 09:25:23,0.003542802932355509,2024-03-09 15:14:35,9,-0.26347415693684456
steelprince.eth,2023-03-10 09:24:23,0.003542802932355509,2024-03-09 15:13:35,9,-0.26347415693684456
kodamoment.eth,2023-03-10 09:22:59,0.003542802932355509,2024-03-09 15:12:11,9,-0.26347415693684456
azukimoda.eth,2023-03-10 09:22:59,0.003542802932355509,2024-03-09 15:12:11,9,-0.26347415693684456
powertotheapes.eth,2023-03-10 09:22:59,0.003542802932355509,2024-03-09 15:12:11,9,-0.26347415693684456
yugapet.eth,2023-03-10 09:22:59,0.003542802932355509,2024-03-09 15:12:11,9,-0.26347415693684456
teemade.eth,2023-03-10 09:22:23,0.003542802932355509,2024-03-09 15:11:35,9,-0.26347415693684456
mambafurnishings.eth,2023-03-10 09:20:11,0.007085605864711018,2025-03-09 20:58:35,9,-0.2066279330079239
rupaul‚Äôs.eth,2023-03-10 09:19:47,0.003542802932355509,2024-03-09 15:08:59,9,-0.26347415693684456
phimsah.eth,2023-03-10 09:19:47,0.003542802932355509,2024-03-09 15:08:59,9,-0.26347415693684456
edieofthecalliope.eth,2023-03-10 09:14:11,0.003542802932355509,2024-03-09 15:03:23,9,-0.26347415693684456
stronglong.eth,2023-03-10 09:13:47,0.007085605864711018,2025-03-09 20:52:11,9,-0.2066279330079239
cryptototal.eth,2023-03-10 09:13:11,0.003542802932355509,2024-03-09 15:02:23,9,-0.26347415693684456
novka.eth,2023-03-10 09:12:47,0.003542802932355509,2024-03-09 15:01:59,9,-0.26347415693684456
pokerstake.eth,2023-03-10 09:12:11,0.003542802932355509,2024-03-09 15:01:23,9,-0.26347415693684456
copiumwarsslayers.eth,2023-03-10 09:10:59,0.003542802932355509,2024-03-09 15:00:11,9,-0.26347415693684456
grandmambaclocks.eth,2023-03-10 09:04:59,0.007085605864711018,2025-03-09 20:43:23,9,-0.2066279330079239
fifafoundation.eth,2023-03-10 08:57:59,0.014191658120105505,2027-03-10 08:14:47,8,-0.09260741155256018
festivefriends.eth,2023-03-10 08:56:59,0.001773957265013188,2023-09-08 23:51:35,8,-0.2918562597016146
holidayheroes.eth,2023-03-10 08:56:59,0.001773957265013188,2023-09-08 23:51:35,8,-0.2918562597016146
arbisocks.eth,2023-03-10 08:55:59,0.003547914530026376,2024-03-09 14:45:11,8,-0.26339213853746396
ladybonk.eth,2023-03-10 08:55:23,0.003547568846690375,2024-03-09 14:44:35,8,-0.26339768521694407
pepejones.eth,2023-03-10 08:52:35,0.00709513769338075,2025-03-09 20:30:59,8,-0.20647498956812285
bitbase-2.eth,2023-03-10 08:50:35,0.03547568846690375,2033-03-09 19:02:35,8,0.24890657562244678
skyriselabs.eth,2023-03-10 08:46:47,0.003547568846690375,2024-03-09 14:35:59,8,-0.26339768521694407
shinu-deployer.eth,2023-03-10 08:46:11,0.003547568846690375,2024-03-09 14:35:23,8,-0.26339768521694407
inmansuit.eth,2023-03-10 08:44:47,0.003547568846690375,2024-03-09 14:33:59,8,-0.26339768521694407
999994444.eth,2023-03-10 08:42:35,0.003547568846690375,2024-03-09 14:31:47,8,-0.26339768521694407
activenow.eth,2023-03-10 08:40:23,0.003547568846690375,2024-03-09 14:29:35,8,-0.26339768521694407
dyorist.eth,2023-03-10 08:39:23,0.017737844233451875,2028-03-09 13:45:23,8,-0.03570690262165924
voicedream.eth,2023-03-10 08:38:23,0.003547568846690375,2024-03-09 14:27:35,8,-0.26339768521694407
decentralander.eth,2023-03-10 08:37:11,0.001773784423345187,2023-09-08 23:31:47,8,-0.2918590330413547
krosotochka.eth,2023-03-10 08:35:35,0.003547568846690375,2024-03-09 14:24:47,8,-0.26339768521694407
denys-pi.eth,2023-03-10 08:34:59,0.003547568846690375,2024-03-09 14:24:11,8,-0.26339768521694407
plasmic.eth,2023-03-10 08:31:47,0.01784327251699933,2028-03-09 13:37:47,8,-0.03401524775701917
alpha-depositors-gov.eth,2023-03-10 08:31:35,0.02498058152379906,2030-03-10 01:15:59,8,0.08050680548647929
baristabit.eth,2023-03-10 08:28:47,0.003568654503399865,2024-03-09 14:17:59,8,-0.26305935424401605
Âà´Âç∑‰∫ÜÊàëÂêÉ‰∏™È∏°ËÖø.eth,2023-03-10 08:28:35,0.003568654503399865,2024-03-09 14:17:47,8,-0.26305935424401605
llcoolg.eth,2023-03-10 08:27:11,0.007137309006799731,2025-03-09 20:05:35,8,-0.20579832762226682
muliswilliam.eth,2023-03-10 08:26:59,0.003568654503399865,2024-03-09 14:16:11,8,-0.26305935424401605
starbuckss.eth,2023-03-10 08:19:47,0.003590124409011235,2024-03-09 14:08:59,8,-0.26271485778586695
melod.eth,2023-03-10 08:16:35,0.003571166384750017,2024-03-09 14:05:47,8,-0.2630190497245607
ü¶êü¶êü¶êü¶ê.eth,2023-03-10 08:16:23,0.04042959325203231,2023-07-16 04:18:36,8,0.3283947058162239
üèâüèâüèâüèâ.eth,2023-03-10 08:15:23,0.03999706278489204,2023-07-16 04:17:36,8,0.32145451629380273
eldictador.eth,2023-03-10 08:13:59,0.003571166384750017,2024-03-09 14:03:11,8,-0.2630190497245607
cryptosun.eth,2023-03-10 08:12:35,0.003552061484985506,2024-03-09 14:01:47,8,-0.2633255983615832
beautyandthe.eth,2023-03-10 08:12:11,0.003552061484985506,2024-03-09 14:01:23,8,-0.2633255983615832
crath.eth,2023-03-10 08:11:35,0.01776030742492753,2028-03-09 13:17:35,8,-0.03534646834485505
ÈÇ£‰∏™ÁãóÁïúÁîüÊØîÊàëÂ∞èÁÜäÁå´Ë∑ëÂæóÂø´.eth,2023-03-10 08:07:11,0.003552061484985506,2024-03-09 13:56:23,8,-0.2633255983615832
wenpulsechain.eth,2023-03-10 08:06:59,0.003552061484985506,2024-03-09 13:56:11,8,-0.2633255983615832
166686.eth,2023-03-10 08:06:59,0.007104122969971012,2025-03-09 19:45:23,8,-0.20633081585740118
0xteel.eth,2023-03-10 08:05:47,0.010656184454956518,2026-03-10 01:33:23,8,-0.14933603335321913
confetteria.eth,2023-03-10 08:05:23,0.003552061484985506,2024-03-09 13:54:35,8,-0.2633255983615832
elm√©dico.eth,2023-03-10 08:05:23,0.003552061484985506,2024-03-09 13:54:35,8,-0.2633255983615832
wenpulse.eth,2023-03-10 08:02:47,0.003552061484985506,2024-03-09 13:51:59,8,-0.2633255983615832
eerosport.eth,2023-03-10 08:01:59,0.007104122969971012,2025-03-09 19:40:23,8,-0.20633081585740118
rickier.eth,2023-03-10 08:01:11,0.010656184454956518,2026-03-10 01:28:47,8,-0.14933603335321913
asiandao.eth,2023-03-10 08:00:59,0.01063864676125832,2024-03-09 13:50:11,8,-0.14961743530591023
soothsaying.eth,2023-03-10 07:56:35,0.01776030742492753,2028-03-09 13:02:35,7,-0.03534646834485505
easycardcorp.eth,2023-03-10 07:54:59,0.010622764156717212,2026-03-10 01:22:35,7,-0.1498722804416847
2moreweeks.eth,2023-03-10 07:50:35,0.003540921385572404,2024-03-09 13:39:47,7,-0.26350434739107176
cryptobalaena.eth,2023-03-10 07:49:35,0.003540921385572404,2024-03-09 13:38:47,7,-0.26350434739107176
345345.eth,2023-03-10 07:48:23,0.06266954357496586,2024-03-09 13:37:35,7,0.6852469553950576
remission.eth,2023-03-10 07:48:23,0.05922134508600051,2025-03-09 19:26:47,7,0.6299187118551991
aisot.eth,2023-03-10 07:47:47,0.003540921385572404,2024-03-09 13:36:59,7,-0.26350434739107176
babyoda.eth,2023-03-10 07:47:11,0.029700162329557515,2026-03-10 01:14:47,7,0.15623507839845927
zanaveskus.eth,2023-03-10 07:43:59,0.003540921385572404,2024-03-09 13:33:11,7,-0.26350434739107176
mru9922.eth,2023-03-10 07:43:59,0.003540921385572404,2024-03-09 13:33:11,7,-0.26350434739107176
stolkovich.eth,2023-03-10 07:43:47,0.003540921385572404,2024-03-09 13:32:59,7,-0.26350434739107176
sukablyabesit.eth,2023-03-10 07:43:35,0.003540921385572404,2024-03-09 13:32:47,7,-0.26350434739107176
lolkekroflsprin.eth,2023-03-10 07:43:35,0.003540921385572404,2024-03-09 13:32:47,7,-0.26350434739107176
blackmonstr.eth,2023-03-10 07:41:35,0.003540921385572404,2024-03-09 13:30:47,7,-0.26350434739107176
1711111.eth,2023-03-10 07:41:23,0.003540921385572404,2024-03-09 13:30:35,7,-0.26350434739107176
kp8478.eth,2023-03-10 07:40:59,0.003522787134489505,2024-03-09 13:30:11,7,-0.26379532143550055
hainv.eth,2023-03-10 07:39:11,0.003522787134489505,2024-03-09 13:28:23,7,-0.26379532143550055
snailbrooktx.eth,2023-03-10 07:36:59,0.003522787134489505,2024-03-09 13:26:11,7,-0.26379532143550055
99bacninh.eth,2023-03-10 07:35:59,0.003522787134489505,2024-03-09 13:25:11,7,-0.26379532143550055
bankersdao.eth,2023-03-10 07:33:35,0.004070315047593175,2023-07-09 23:33:35,7,-0.25500993456812215
blackmonster-music.eth,2023-03-10 07:32:59,0.003522787134489505,2024-03-09 13:22:11,7,-0.26379532143550055
nakaüí≤.eth,2023-03-10 07:28:11,0.00704557426897901,2025-03-09 19:06:35,7,-0.20727026200523585
teamaltlayer.eth,2023-03-10 07:21:59,0.003522787134489505,2024-03-09 13:11:11,7,-0.26379532143550055
dashwood.eth,2023-03-10 07:20:35,0.017613935672447525,2028-03-09 12:26:35,7,-0.03769508371444173
adolfodom√≠nguez.eth,2023-03-10 07:19:23,0.002113672258367166,2023-10-15 10:48:54,7,-0.286405345565848
hypnocoach.eth,2023-03-10 07:18:47,0.003522787134489505,2024-03-09 13:07:59,7,-0.26379532143550055
—Ö–∏—Ä—É—Ä–≥.eth,2023-03-10 07:18:11,0.003522787134489505,2024-03-09 13:07:23,7,-0.26379532143550055
–ø–æ–ª–∏—Ü–µ–π—Å–∫–∏–π.eth,2023-03-10 07:16:11,0.003522787134489505,2024-03-09 13:05:23,7,-0.26379532143550055
ü´†ü´†ü´†ü´†.eth,2023-03-10 07:15:59,0.010646981121362642,2023-04-09 17:15:59,7,-0.14948370590863902
sunsurki.eth,2023-03-10 07:15:47,0.003522787134489505,2024-03-09 13:04:59,7,-0.26379532143550055
—Ñ–æ—Ç–æ–≥—Ä–∞—Ñ.eth,2023-03-10 07:11:47,0.003522787134489505,2024-03-09 13:00:59,7,-0.26379532143550055
404404404.eth,2023-03-10 07:10:23,0.003522787134489505,2024-03-09 12:59:35,7,-0.26379532143550055
–ø–æ–ª–∏—Ç–∏–∫.eth,2023-03-10 07:09:59,0.003522787134489505,2024-03-09 12:59:11,7,-0.26379532143550055
simsalimin.eth,2023-03-10 07:07:59,0.003522787134489505,2024-03-09 12:57:11,7,-0.26379532143550055
nft140.eth,2023-03-10 07:06:47,0.003522787134489505,2024-03-09 12:55:59,7,-0.26379532143550055
—Ç–µ—Ä–∞–ø–µ–≤—Ç.eth,2023-03-10 07:06:23,0.003522787134489505,2024-03-09 12:55:35,7,-0.26379532143550055
nirvanus.eth,2023-03-10 07:05:47,0.003522787134489505,2024-03-09 12:54:59,7,-0.26379532143550055
–¥–∏–∑–∞–π–Ω–µ—Ä.eth,2023-03-10 07:04:23,0.003522787134489505,2024-03-09 12:53:35,7,-0.26379532143550055
perpodilkus.eth,2023-03-10 07:03:59,0.003522787134489505,2024-03-09 12:53:11,7,-0.26379532143550055
specialvip.eth,2023-03-10 07:02:59,0.003522787134489505,2024-03-09 12:52:11,7,-0.26379532143550055
ashduiw.eth,2023-03-10 07:00:47,0.003522787134489505,2024-03-09 12:49:59,7,-0.26379532143550055
0xcloudnft.eth,2023-03-10 07:00:23,0.00704557426897901,2025-03-09 18:38:47,7,-0.20727026200523585
merric.eth,2023-03-10 06:59:11,0.003522787134489505,2024-03-09 12:48:23,6,-0.26379532143550055
winrprotocol.eth,2023-03-10 06:57:59,0.003522787134489505,2024-03-09 12:47:11,6,-0.26379532143550055
jarekbrain.eth,2023-03-10 06:57:11,0.00704557426897901,2025-03-09 18:35:35,6,-0.20727026200523585
phygitalgems.eth,2023-03-10 06:56:35,0.00704557426897901,2025-03-09 18:34:59,6,-0.20727026200523585
phygitalgem.eth,2023-03-10 06:56:35,0.00704557426897901,2025-03-09 18:34:59,6,-0.20727026200523585
121881.eth,2023-03-10 06:56:11,0.010568361403468516,2026-03-10 00:23:47,6,-0.15074520257497115
jiraiya23.eth,2023-03-10 06:50:35,0.007039397149268117,2025-03-09 18:28:59,6,-0.20736937729248883
singularite.eth,2023-03-10 06:50:11,0.003519698574634058,2024-03-09 12:39:23,6,-0.26384487907912707
purpleworld.eth,2023-03-10 06:44:47,0.003519698574634058,2024-03-09 12:33:59,6,-0.26384487907912707
battleplanalpha.eth,2023-03-10 06:44:35,0.003519698574634058,2024-03-09 12:33:47,6,-0.26384487907912707
newagesofcrypto.eth,2023-03-10 06:42:23,0.007039397149268117,2025-03-09 18:20:47,6,-0.20736937729248883
bpxgeek.eth,2023-03-10 06:41:59,0.003519698574634058,2024-03-09 12:31:11,6,-0.26384487907912707
widesail001.eth,2023-03-10 06:38:11,0.003519698574634058,2024-03-09 12:27:23,6,-0.26384487907912707
0x420faded.eth,2023-03-10 06:36:11,0.003519698574634058,2024-03-09 12:25:23,6,-0.26384487907912707
8888ffff.eth,2023-03-10 06:35:23,0.003519698574634058,2024-03-09 12:24:35,6,-0.26384487907912707
p92.eth,2023-03-10 06:35:11,0.03453760088564219,2023-04-07 06:35:11,6,0.23385444381395282
purplepotion.eth,2023-03-10 06:34:47,0.003519698574634058,2024-03-09 12:23:59,6,-0.26384487907912707
themelter.eth,2023-03-10 06:34:11,0.007039397149268117,2025-03-09 18:12:35,6,-0.20736937729248883
nftfamm.eth,2023-03-10 06:33:59,0.007039397149268117,2025-03-09 18:12:23,6,-0.20736937729248883
shibcity.eth,2023-03-10 06:33:47,0.010559095723902175,2026-03-10 00:01:23,6,-0.15089387550585065
lollol.eth,2023-03-10 06:31:35,0.008354525919893852,2024-03-09 06:31:35,6,-0.1862674119792077
su1getsu.eth,2023-03-10 06:30:11,0.010616553360299172,2026-03-09 23:57:47,6,-0.14997193609024828
jopagui.eth,2023-03-10 06:26:35,0.010616553360299172,2026-03-09 23:54:11,6,-0.14997193609024828
dfresaute.eth,2023-03-10 06:26:35,0.003538851120099724,2024-03-09 12:15:47,6,-0.2635375659405929
ligmaballs69.eth,2023-03-10 06:20:35,0.007077702240199448,2025-03-09 17:58:59,6,-0.2067547510154206
qanada.eth,2023-03-10 06:17:35,0.003538851120099724,2024-03-09 12:06:47,6,-0.2635375659405929
444449999.eth,2023-03-10 06:16:59,0.003538851120099724,2024-03-09 12:06:11,6,-0.2635375659405929
lemonsocial.eth,2023-03-10 06:16:47,0.003538851120099724,2024-03-09 12:05:59,6,-0.2635375659405929
444446666.eth,2023-03-10 06:15:35,0.003538851120099724,2024-03-09 12:04:47,6,-0.2635375659405929
zrpfq.eth,2023-03-10 06:14:47,0.003538851120099724,2024-03-09 12:03:59,6,-0.2635375659405929
444441111.eth,2023-03-10 06:14:11,0.003538851120099724,2024-03-09 12:03:23,6,-0.2635375659405929
tuskerverse.eth,2023-03-10 06:12:11,0.003538851120099724,2024-03-09 12:01:23,6,-0.2635375659405929
saherytuop.eth,2023-03-10 06:11:59,0.003538851120099724,2024-03-09 12:01:11,6,-0.2635375659405929
krimnash.eth,2023-03-10 06:11:59,0.003538851120099724,2024-03-09 12:01:11,6,-0.2635375659405929
234234.eth,2023-03-10 06:10:47,0.06479993990265541,2024-03-09 11:59:59,6,0.7194303375965257
forisdu.eth,2023-03-10 06:10:47,0.003538851120099724,2024-03-09 11:59:59,6,-0.2635375659405929
mr2090.eth,2023-03-10 06:10:11,0.01769425560049862,2028-03-09 11:16:11,6,-0.03640630623990365
purplehorse.eth,2023-03-10 06:08:59,0.003538851120099724,2024-03-09 11:58:11,6,-0.2635375659405929
666664444.eth,2023-03-10 06:08:59,0.003538851120099724,2024-03-09 11:58:11,6,-0.2635375659405929
b0yz.eth,2023-03-10 06:07:23,0.11324323584305725,2024-03-09 11:56:35,6,1.4967296967376003
222224444.eth,2023-03-10 06:06:23,0.003538851120099724,2024-03-09 11:55:35,6,-0.2635375659405929
purpleflower.eth,2023-03-10 06:05:59,0.003538851120099724,2024-03-09 11:55:11,6,-0.2635375659405929
ashuoery.eth,2023-03-10 06:04:59,0.003538851120099724,2024-03-09 11:54:11,6,-0.2635375659405929
almadeace.eth,2023-03-10 06:03:47,0.003538851120099724,2024-03-09 11:52:59,6,-0.2635375659405929
444442222.eth,2023-03-10 06:01:35,0.003538851120099724,2024-03-09 11:50:47,6,-0.2635375659405929
shibtown.eth,2023-03-10 05:59:47,0.003538851120099724,2024-03-09 11:48:59,5,-0.2635375659405929
webdriver.eth,2023-03-10 05:59:35,0.003538851120099724,2024-03-09 11:48:47,5,-0.2635375659405929
444447777.eth,2023-03-10 05:58:59,0.003538851120099724,2024-03-09 11:48:11,5,-0.2635375659405929
ai07.eth,2023-03-10 05:58:59,0.11324323584305725,2024-03-09 11:48:11,5,1.4967296967376003
45184.eth,2023-03-10 05:57:59,0.19225932694029296,2026-03-09 23:25:35,5,2.7645863893803972
wookfey.eth,2023-03-10 05:54:59,0.003525888449500505,2024-03-09 11:44:11,5,-0.26374555912837944
mincemymeat.eth,2023-03-10 05:54:47,0.00705177689900101,2025-03-09 17:33:11,5,-0.20717073739099365
taaauyu.eth,2023-03-10 05:52:47,0.003525888449500505,2024-03-09 11:41:59,5,-0.26374555912837944
baroeki.eth,2023-03-10 05:51:23,0.00705177689900101,2025-03-09 17:29:47,5,-0.20717073739099365
m-imax.eth,2023-03-10 05:49:23,0.010577665348501516,2026-03-09 23:16:59,5,-0.1505959156536078
missouritiger.eth,2023-03-10 05:48:47,0.003525888449500505,2024-03-09 11:37:59,5,-0.26374555912837944
sandiegost.eth,2023-03-10 05:48:47,0.003525888449500505,2024-03-09 11:37:59,5,-0.26374555912837944
brooklynnyla.eth,2023-03-10 05:48:23,0.010577665348501516,2026-03-09 23:15:59,5,-0.1505959156536078
purpleshoes.eth,2023-03-10 05:47:35,0.003525888449500505,2024-03-09 11:36:47,5,-0.26374555912837944
hortiz.eth,2023-03-10 05:46:35,0.003525888449500505,2024-03-09 11:35:47,5,-0.26374555912837944
mustardmydog.eth,2023-03-10 05:45:23,0.003525888449500505,2024-03-09 11:34:35,5,-0.26374555912837944
ai69.eth,2023-03-10 05:43:59,0.11282843038388274,2024-03-09 11:33:11,5,1.4900739147284399
ferito.eth,2023-03-10 05:40:59,0.003525888449500505,2024-03-09 11:30:11,5,-0.26374555912837944
web3decentralizing.eth,2023-03-10 05:40:59,0.003525888449500505,2024-03-09 11:30:11,5,-0.26374555912837944
web3decentralize.eth,2023-03-10 05:40:59,0.003525888449500505,2024-03-09 11:30:11,5,-0.26374555912837944
ai70.eth,2023-03-10 05:40:35,0.11282843038388274,2024-03-09 11:29:47,5,1.4900739147284399
ai91.eth,2023-03-10 05:40:35,0.11282843038388274,2024-03-09 11:29:47,5,1.4900739147284399
ai98.eth,2023-03-10 05:40:35,0.11282843038388274,2024-03-09 11:29:47,5,1.4900739147284399
ai68.eth,2023-03-10 05:40:35,0.11282843038388274,2024-03-09 11:29:47,5,1.4900739147284399
ai95.eth,2023-03-10 05:40:35,0.11282843038388274,2024-03-09 11:29:47,5,1.4900739147284399
ai73.eth,2023-03-10 05:40:35,0.11282843038388274,2024-03-09 11:29:47,5,1.4900739147284399
ai75.eth,2023-03-10 05:40:35,0.11282843038388274,2024-03-09 11:29:47,5,1.4900739147284399
ai61.eth,2023-03-10 05:40:35,0.11282843038388274,2024-03-09 11:29:47,5,1.4900739147284399
